0,?,0.000000000,1393661302.645757000,0.000000000,0.000000000,0.000000000,261,261,0,0,0,0,26,1,1,1,1,0,1,0,0,0,0,0,1,0,0,1,0,0,0,0,0x00000000,0,0,0,2101598203,0,0,0,0,1,0,0,0,1,2437,0,1,0,1,0,0,0,0,0,0,0,0,-47,1,0,0x08,0,0,8,0x00,0,0,0,0,0,0,0,ff:ff:ff:ff:ff:ff,ff:ff:ff:ff:ff:ff,b0:48:7a:e2:62:23,b0:48:7a:e2:62:23,b0:48:7a:e2:62:23,0,2851,?,?,?,?,?,?,1,1,0,0x0000,0,1,0,0,0,1,0,0,0,0,0,?,?,?,0x0000000011490d80,100,?,?,?,?,?,?,?,?,?,1,pnet,6,0,1,0,0x00,?,?,?,?,?,?,?,?,?,?,?,?,?,?,?,?,?,?,?,?,?,?,?,?,?,?,?,?,?,?,normal
0,?,0.000000000,1393661302.670028000,0.024271000,0.024271000,0.024271000,185,185,0,0,0,0,26,1,1,1,1,0,1,0,0,0,0,0,1,0,0,1,0,0,0,0,0x00000000,0,0,0,2101623071,0,0,0,0,1,0,0,0,1,2437,0,1,0,1,0,0,0,0,0,0,0,0,-47,1,0,0x08,0,0,8,0x00,0,0,0,0,0,0,0,ff:ff:ff:ff:ff:ff,ff:ff:ff:ff:ff:ff,38:22:9d:ae:c5:65,38:22:9d:ae:c5:65,38:22:9d:ae:c5:65,0,2159,?,?,?,?,?,?,1,1,0,0x0000,1,1,0,0,0,1,0,0,0,0,0,?,?,?,0x0000003e35785232,100,?,?,?,?,?,?,?,?,?,1,CYTA C565,6,0,1,0,0x00,?,1,2,2,1,2,0,0,0x0000,0x0000,0,0,0,?,?,?,?,?,?,?,?,?,?,?,?,?,?,?,?,?,normal
0,?,0.000000000,1393661302.671659000,0.001631000,0.001631000,0.025902000,185,185,0,0,0,0,26,1,1,1,1,0,1,0,0,0,0,0,1,0,0,1,0,0,0,0,0x00000000,0,0,0,2101624680,0,0,0,0,1,0,0,0,1,2437,0,1,0,1,0,0,0,0,0,0,0,0,-64,1,0,0x08,0,0,8,0x00,0,0,0,0,0,0,0,ff:ff:ff:ff:ff:ff,ff:ff:ff:ff:ff:ff,38:22:9d:c4:8d:28,38:22:9d:c4:8d:28,38:22:9d:c4:8d:28,0,291,?,?,?,?,?,?,1,1,0,0x0000,1,1,0,0,0,1,0,0,0,0,0,?,?,?,0x000000d9e94a6184,100,?,?,?,?,?,?,?,?,?,1,CYTA 8D28,6,0,1,0,0x00,?,1,2,2,1,2,0,0,0x0000,0x0000,0,0,0,?,?,?,?,?,?,?,?,?,?,?,?,?,?,?,?,?,normal
0,?,0.000000000,1393661302.726984000,0.055325000,0.055325000,0.081227000,159,159,0,0,0,0,26,1,1,1,1,0,1,0,0,0,0,0,1,0,0,1,0,0,0,0,0x00000000,0,0,0,2101680214,0,0,0,0,1,0,0,0,1,2437,0,1,0,1,0,0,0,0,0,0,0,0,-32,1,0,0x08,0,0,8,0x00,0,0,0,0,0,0,0,ff:ff:ff:ff:ff:ff,ff:ff:ff:ff:ff:ff,00:13:33:87:62:6d,00:13:33:87:62:6d,00:13:33:87:62:6d,0,3684,?,?,?,?,?,?,1,1,0,0x0000,1,0,0,0,0,1,0,0,0,0,0,?,?,?,0x00000044a18671bc,100,?,?,?,?,?,?,?,?,?,1,OTE29224e,6,0,1,0,0x00,?,1,2,2,1,2,0,0,0x0000,0x0000,0,0,0,?,?,?,?,?,?,?,?,?,?,?,?,?,?,?,?,?,normal
0,?,0.000000000,1393661302.727399000,0.000415000,0.000415000,0.081642000,54,54,0,0,0,0,26,1,1,1,1,0,1,0,0,0,0,0,1,0,0,1,0,0,0,0,0x00000000,0,0,0,2101681730,0,0,0,0,1,0,0,0,48,2437,0,0,1,1,0,0,0,0,0,0,0,0,-21,1,0,0x24,0,2,4,0x01,0,0,0,0,0,0,44,28:c6:8e:86:d3:d6,28:c6:8e:86:d3:d6,00:25:bc:ed:07:cf,00:25:bc:ed:07:cf,28:c6:8e:86:d3:d6,0,3874,?,?,?,?,?,?,1,?,?,?,?,?,?,?,?,?,?,?,?,?,?,?,?,?,?,?,?,?,?,?,?,?,?,?,?,?,?,?,?,?,?,?,?,?,?,?,?,?,?,?,?,?,?,?,?,?,?,?,?,?,?,?,?,?,?,?,?,?,?,?,?,?,normal
0,?,0.000000000,1393661302.727404000,0.000005000,0.000005000,0.081647000,40,40,0,0,0,0,26,1,1,1,1,0,1,0,0,0,0,0,1,0,0,1,0,0,0,0,0x00000000,0,0,0,2101681776,0,0,0,0,1,0,0,0,24,2437,0,0,1,1,0,0,0,0,0,0,0,0,-24,1,0,0x1d,0,1,13,0x00,0,0,0,0,0,0,0,00:25:bc:ed:07:cf,?,?,?,?,?,?,?,?,?,?,?,?,1,?,?,?,?,?,?,?,?,?,?,?,?,?,?,?,?,?,?,?,?,?,?,?,?,?,?,?,?,?,?,?,?,?,?,?,?,?,?,?,?,?,?,?,?,?,?,?,?,?,?,?,?,?,?,?,?,?,?,?,?,?,?,?,?,?,normal
0,?,0.000000000,1393661302.744096000,0.016692000,0.016692000,0.098339000,261,261,0,0,0,0,26,1,1,1,1,0,1,0,0,0,0,0,1,0,0,1,0,0,0,0,0x00000000,0,0,0,2101696507,0,0,0,0,1,0,0,0,1,2437,0,1,0,1,0,0,0,0,0,0,0,0,-47,1,0,0x08,0,0,8,0x00,0,0,0,0,0,0,0,ff:ff:ff:ff:ff:ff,ff:ff:ff:ff:ff:ff,b0:48:7a:e2:62:23,b0:48:7a:e2:62:23,b0:48:7a:e2:62:23,0,2852,?,?,?,?,?,?,1,1,0,0x0000,0,1,0,0,0,1,0,0,0,0,0,?,?,?,0x00000000114a8d80,100,?,?,?,?,?,?,?,?,?,1,pnet,6,0,1,0,0x00,?,?,?,?,?,?,?,?,?,?,?,?,?,?,?,?,?,?,?,?,?,?,?,?,?,?,?,?,?,?,normal
0,?,0.000000000,1393661302.744238000,0.000142000,0.000142000,0.098481000,40,40,0,0,0,0,26,1,1,1,1,0,1,0,0,0,0,0,1,0,0,1,0,0,0,0,0x00000000,0,0,0,2101698553,0,0,0,0,1,0,0,0,24,2437,0,0,1,1,0,0,0,0,0,0,0,0,-24,1,0,0x1d,0,1,13,0x00,0,0,0,0,0,0,0,c0:18:85:94:b6:55,?,?,?,?,?,?,?,?,?,?,?,?,1,?,?,?,?,?,?,?,?,?,?,?,?,?,?,?,?,?,?,?,?,?,?,?,?,?,?,?,?,?,?,?,?,?,?,?,?,?,?,?,?,?,?,?,?,?,?,?,?,?,?,?,?,?,?,?,?,?,?,?,?,?,?,?,?,?,normal
0,?,0.000000000,1393661302.772305000,0.028067000,0.028067000,0.126548000,185,185,0,0,0,0,26,1,1,1,1,0,1,0,0,0,0,0,1,0,0,1,0,0,0,0,0x00000000,0,0,0,2101725321,0,0,0,0,1,0,0,0,1,2437,0,1,0,1,0,0,0,0,0,0,0,0,-52,1,0,0x08,0,0,8,0x00,0,0,0,0,0,0,0,ff:ff:ff:ff:ff:ff,ff:ff:ff:ff:ff:ff,38:22:9d:ae:c5:65,38:22:9d:ae:c5:65,38:22:9d:ae:c5:65,0,2160,?,?,?,?,?,?,1,1,0,0x0000,1,1,0,0,0,1,0,0,0,0,0,?,?,?,0x0000003e3579e184,100,?,?,?,?,?,?,?,?,?,1,CYTA C565,6,0,1,0,0x00,?,1,2,2,1,2,0,0,0x0000,0x0000,0,0,0,?,?,?,?,?,?,?,?,?,?,?,?,?,?,?,?,?,normal
0,?,0.000000000,1393661302.774106000,0.001801000,0.001801000,0.128349000,185,185,0,0,0,0,26,1,1,1,1,0,1,0,0,0,0,0,1,0,0,1,0,0,0,0,0x00000000,0,0,0,2101727128,0,0,0,0,1,0,0,0,1,2437,0,1,0,1,0,0,0,0,0,0,0,0,-58,1,0,0x08,0,0,8,0x00,0,0,0,0,0,0,0,ff:ff:ff:ff:ff:ff,ff:ff:ff:ff:ff:ff,38:22:9d:c4:8d:28,38:22:9d:c4:8d:28,38:22:9d:c4:8d:28,0,292,?,?,?,?,?,?,1,1,0,0x0000,1,1,0,0,0,1,0,0,0,0,0,?,?,?,0x000000d9e94bf198,100,?,?,?,?,?,?,?,?,?,1,CYTA 8D28,6,0,1,0,0x00,?,1,2,2,1,2,0,0,0x0000,0x0000,0,0,0,?,?,?,?,?,?,?,?,?,?,?,?,?,?,?,?,?,normal
0,?,0.000000000,1393661302.786600000,0.012494000,0.012494000,0.140843000,148,148,0,0,0,0,26,1,1,1,1,0,1,0,0,0,0,0,1,0,0,1,0,0,0,0,0x00000000,0,0,0,2101739909,0,0,0,0,1,0,0,0,1,2437,0,1,0,1,0,0,0,0,0,0,0,0,-29,1,0,0x08,0,0,8,0x00,0,0,0,0,0,0,0,ff:ff:ff:ff:ff:ff,ff:ff:ff:ff:ff:ff,28:c6:8e:86:d3:d6,28:c6:8e:86:d3:d6,28:c6:8e:86:d3:d6,0,1043,?,?,?,?,?,?,1,1,0,0x0000,1,0,0,0,0,1,0,0,0,0,0,?,?,?,0x0000003e38183187,100,?,?,?,?,?,?,?,?,?,1,AegeanSecLab,6,1,2,0,0x00,?,?,?,?,?,?,?,?,?,?,?,?,?,?,?,?,?,?,?,?,?,?,?,?,?,?,?,?,?,?,normal
0,?,0.000000000,1393661302.786623000,0.000023000,0.000023000,0.140866000,54,54,0,0,0,0,26,1,1,1,1,0,1,0,0,0,0,0,1,0,0,1,0,0,0,0,0x00000000,0,0,0,2101740998,0,0,0,0,1,0,0,0,48,2437,0,0,1,1,0,0,0,0,0,0,0,0,-21,1,0,0x24,0,2,4,0x01,0,0,1,0,0,0,44,28:c6:8e:86:d3:d6,28:c6:8e:86:d3:d6,00:25:bc:ed:07:cf,00:25:bc:ed:07:cf,28:c6:8e:86:d3:d6,0,3875,?,?,?,?,?,?,1,?,?,?,?,?,?,?,?,?,?,?,?,?,?,?,?,?,?,?,?,?,?,?,?,?,?,?,?,?,?,?,?,?,?,?,?,?,?,?,?,?,?,?,?,?,?,?,?,?,?,?,?,?,?,?,?,?,?,?,?,?,?,?,?,?,normal
0,?,0.000000000,1393661302.786661000,0.000038000,0.000038000,0.140904000,40,40,0,0,0,0,26,1,1,1,1,0,1,0,0,0,0,0,1,0,0,1,0,0,0,0,0x00000000,0,0,0,2101741044,0,0,0,0,1,0,0,0,24,2437,0,0,1,1,0,0,0,0,0,0,0,0,-21,1,0,0x1d,0,1,13,0x00,0,0,0,0,0,0,0,00:25:bc:ed:07:cf,?,?,?,?,?,?,?,?,?,?,?,?,1,?,?,?,?,?,?,?,?,?,?,?,?,?,?,?,?,?,?,?,?,?,?,?,?,?,?,?,?,?,?,?,?,?,?,?,?,?,?,?,?,?,?,?,?,?,?,?,?,?,?,?,?,?,?,?,?,?,?,?,?,?,?,?,?,?,normal
0,?,0.000000000,1393661302.829390000,0.042729000,0.042729000,0.183633000,159,159,0,0,0,0,26,1,1,1,1,0,1,0,0,0,0,0,1,0,0,1,0,0,0,0,0x00000000,0,0,0,2101782615,0,0,0,0,1,0,0,0,1,2437,0,1,0,1,0,0,0,0,0,0,0,0,-32,1,0,0x08,0,0,8,0x00,0,0,0,0,0,0,0,ff:ff:ff:ff:ff:ff,ff:ff:ff:ff:ff:ff,00:13:33:87:62:6d,00:13:33:87:62:6d,00:13:33:87:62:6d,0,3685,?,?,?,?,?,?,1,1,0,0x0000,1,0,0,0,0,1,0,0,0,0,0,?,?,?,0x00000044a18801bc,100,?,?,?,?,?,?,?,?,?,1,OTE29224e,6,0,1,0,0x00,?,1,2,2,1,2,0,0,0x0000,0x0000,0,0,0,?,?,?,?,?,?,?,?,?,?,?,?,?,?,?,?,?,normal
0,?,0.000000000,1393661302.854692000,0.025302000,0.025302000,0.208935000,261,261,0,0,0,0,26,1,1,1,1,0,1,0,0,0,0,0,1,0,0,1,0,0,0,0,0x00000000,0,0,0,2101807098,0,0,0,0,1,0,0,0,1,2437,0,1,0,1,0,0,0,0,0,0,0,0,-47,1,0,0x08,0,0,8,0x00,0,0,0,0,0,0,0,ff:ff:ff:ff:ff:ff,ff:ff:ff:ff:ff:ff,b0:48:7a:e2:62:23,b0:48:7a:e2:62:23,b0:48:7a:e2:62:23,0,2853,?,?,?,?,?,?,1,1,0,0x0000,0,1,0,0,0,1,0,0,0,0,0,?,?,?,0x00000000114c3d80,100,?,?,?,?,?,?,?,?,?,1,pnet,6,0,1,0,0x00,?,?,?,?,?,?,?,?,?,?,?,?,?,?,?,?,?,?,?,?,?,?,?,?,?,?,?,?,?,?,normal
0,?,0.000000000,1393661302.861000000,0.006308000,0.006308000,0.215243000,54,54,0,0,0,0,26,1,1,1,1,0,1,0,0,0,0,0,1,0,0,1,0,0,0,0,0x00000000,0,0,0,2101815307,0,0,0,0,1,0,0,0,24,2437,0,0,1,1,0,0,0,0,0,0,0,0,-10,1,0,0x24,0,2,4,0x01,0,0,0,0,0,0,44,28:c6:8e:86:d3:d6,28:c6:8e:86:d3:d6,c0:18:85:94:b6:55,c0:18:85:94:b6:55,28:c6:8e:86:d3:d6,0,3707,?,?,?,?,?,?,1,?,?,?,?,?,?,?,?,?,?,?,?,?,?,?,?,?,?,?,?,?,?,?,?,?,?,?,?,?,?,?,?,?,?,?,?,?,?,?,?,?,?,?,?,?,?,?,?,?,?,?,?,?,?,?,?,?,?,?,?,?,?,?,?,?,normal
0,?,0.000000000,1393661302.861005000,0.000005000,0.000005000,0.215248000,40,40,0,0,0,0,26,1,1,1,1,0,1,0,0,0,0,0,1,0,0,1,0,0,0,0,0x00000000,0,0,0,2101815357,0,0,0,0,1,0,0,0,24,2437,0,0,1,1,0,0,0,0,0,0,0,0,-21,1,0,0x1d,0,1,13,0x00,0,0,0,0,0,0,0,c0:18:85:94:b6:55,?,?,?,?,?,?,?,?,?,?,?,?,1,?,?,?,?,?,?,?,?,?,?,?,?,?,?,?,?,?,?,?,?,?,?,?,?,?,?,?,?,?,?,?,?,?,?,?,?,?,?,?,?,?,?,?,?,?,?,?,?,?,?,?,?,?,?,?,?,?,?,?,?,?,?,?,?,?,normal
0,?,0.000000000,1393661302.863275000,0.002270000,0.002270000,0.217518000,1524,1524,0,0,0,0,26,1,1,1,1,0,1,0,0,0,0,0,1,0,0,1,0,0,0,0,0x00000000,0,0,0,2101817362,0,0,0,0,1,0,0,0,54,2437,0,0,1,1,0,0,0,0,0,0,0,0,-23,1,0,0x28,0,2,8,0x02,0,0,0,0,1,0,44,c0:18:85:94:b6:55,c0:18:85:94:b6:55,28:c6:8e:86:d3:d6,00:13:33:87:62:6d,28:c6:8e:86:d3:d6,0,96,?,?,?,?,?,?,1,?,?,?,?,?,?,?,?,?,?,?,?,?,?,?,?,?,?,?,?,?,?,?,?,?,?,?,?,?,?,?,?,?,?,?,?,?,?,?,?,?,?,?,?,?,?,?,?,?,?,0x108dc1,0,0x8aba05cf,?,?,1,1,0,0x0000,0,?,?,?,0,1460,normal
0,?,0.000000000,1393661302.863896000,0.000621000,0.000621000,0.218139000,124,124,0,0,0,0,26,1,1,1,1,0,1,0,0,0,0,0,1,0,0,1,0,0,0,0,0x00000000,0,0,0,2101818213,0,0,0,0,1,0,0,0,54,2437,0,0,1,1,0,0,0,0,0,0,0,0,-17,1,0,0x28,0,2,8,0x01,0,0,0,0,1,0,44,28:c6:8e:86:d3:d6,00:13:33:87:62:6d,c0:18:85:94:b6:55,c0:18:85:94:b6:55,28:c6:8e:86:d3:d6,0,1217,?,?,?,?,?,?,1,?,?,?,?,?,?,?,?,?,?,?,?,?,?,?,?,?,?,?,?,?,?,?,?,?,?,?,?,?,?,?,?,?,?,?,?,?,?,?,?,?,?,?,?,?,?,?,?,?,?,0x701db2,0,0xa7a76f9d,?,?,0,0,?,0x0000,0,?,0,0,?,60,normal
0,?,0.000000000,1393661302.874731000,0.010835000,0.010835000,0.228974000,185,185,0,0,0,0,26,1,1,1,1,0,1,0,0,0,0,0,1,0,0,1,0,0,0,0,0x00000000,0,0,0,2101827747,0,0,0,0,1,0,0,0,1,2437,0,1,0,1,0,0,0,0,0,0,0,0,-47,1,0,0x08,0,0,8,0x00,0,0,0,0,0,0,0,ff:ff:ff:ff:ff:ff,ff:ff:ff:ff:ff:ff,38:22:9d:ae:c5:65,38:22:9d:ae:c5:65,38:22:9d:ae:c5:65,0,2161,?,?,?,?,?,?,1,1,0,0x0000,1,1,0,0,0,1,0,0,0,0,0,?,?,?,0x0000003e357b7184,100,?,?,?,?,?,?,?,?,?,1,CYTA C565,6,0,1,0,0x00,?,1,2,2,1,2,0,0,0x0000,0x0000,0,0,0,?,?,?,?,?,?,?,?,?,?,?,?,?,?,?,?,?,normal
0,?,0.000000000,1393661302.874875000,0.000144000,0.000144000,0.229118000,153,153,0,0,0,0,26,1,1,1,1,0,1,0,0,0,0,0,1,0,0,1,0,0,0,0,0x00000000,0,0,0,2101829175,0,0,0,0,1,0,0,0,54,2437,0,0,1,1,0,0,0,0,0,0,0,0,-24,1,0,0x28,0,2,8,0x02,0,0,0,0,1,0,44,c0:18:85:94:b6:55,c0:18:85:94:b6:55,28:c6:8e:86:d3:d6,00:13:33:87:62:6d,28:c6:8e:86:d3:d6,0,97,?,?,?,?,?,?,1,?,?,?,?,?,?,?,?,?,?,?,?,?,?,?,?,?,?,?,?,?,?,?,?,?,?,?,?,?,?,?,?,?,?,?,?,?,?,?,?,?,?,?,?,?,?,?,?,?,?,0x118dc1,0,0xac302443,?,?,1,1,0,0x0000,0,?,?,?,0,89,normal
0,?,0.000000000,1393661302.876699000,0.001824000,0.001824000,0.230942000,185,185,0,0,0,0,26,1,1,1,1,0,1,0,0,0,0,0,1,0,0,1,0,0,0,0,0x00000000,0,0,0,2101829713,0,0,0,0,1,0,0,0,1,2437,0,1,0,1,0,0,0,0,0,0,0,0,-58,1,0,0x08,0,0,8,0x00,0,0,0,0,0,0,0,ff:ff:ff:ff:ff:ff,ff:ff:ff:ff:ff:ff,38:22:9d:c4:8d:28,38:22:9d:c4:8d:28,38:22:9d:c4:8d:28,0,293,?,?,?,?,?,?,1,1,0,0x0000,1,1,0,0,0,1,0,0,0,0,0,?,?,?,0x000000d9e94d823a,100,?,?,?,?,?,?,?,?,?,1,CYTA 8D28,6,0,1,0,0x00,?,1,2,2,1,2,0,0,0x0000,0x0000,0,0,0,?,?,?,?,?,?,?,?,?,?,?,?,?,?,?,?,?,normal
0,?,0.000000000,1393661302.888998000,0.012299000,0.012299000,0.243241000,148,148,0,0,0,0,26,1,1,1,1,0,1,0,0,0,0,0,1,0,0,1,0,0,0,0,0x00000000,0,0,0,2101842311,0,0,0,0,1,0,0,0,1,2437,0,1,0,1,0,0,0,0,0,0,0,0,-66,1,0,0x08,0,0,8,0x00,0,0,0,0,0,0,0,ff:ff:ff:ff:ff:ff,ff:ff:ff:ff:ff:ff,28:c6:8e:86:d3:d6,28:c6:8e:86:d3:d6,28:c6:8e:86:d3:d6,0,1044,?,?,?,?,?,?,1,1,0,0x0000,1,0,0,0,0,1,0,0,0,0,0,?,?,?,0x0000003e3819c189,100,?,?,?,?,?,?,?,?,?,1,AegeanSecLab,6,0,2,0,0x00,?,?,?,?,?,?,?,?,?,?,?,?,?,?,?,?,?,?,?,?,?,?,?,?,?,?,?,?,?,?,normal
0,?,0.000000000,1393661302.931792000,0.042794000,0.042794000,0.286035000,159,159,0,0,0,0,26,1,1,1,1,0,1,0,0,0,0,0,1,0,0,1,0,0,0,0,0x00000000,0,0,0,2101885015,0,0,0,0,1,0,0,0,1,2437,0,1,0,1,0,0,0,0,0,0,0,0,-33,1,0,0x08,0,0,8,0x00,0,0,0,0,0,0,0,ff:ff:ff:ff:ff:ff,ff:ff:ff:ff:ff:ff,00:13:33:87:62:6d,00:13:33:87:62:6d,00:13:33:87:62:6d,0,3686,?,?,?,?,?,?,1,1,0,0x0000,1,0,0,0,0,1,0,0,0,0,0,?,?,?,0x00000044a18991bc,100,?,?,?,?,?,?,?,?,?,1,OTE29224e,6,0,1,0,0x00,?,1,2,2,1,2,0,0,0x0000,0x0000,0,0,0,?,?,?,?,?,?,?,?,?,?,?,?,?,?,?,?,?,normal
0,?,0.000000000,1393661302.952995000,0.021203000,0.021203000,0.307238000,261,261,0,0,0,0,26,1,1,1,1,0,1,0,0,0,0,0,1,0,0,1,0,0,0,0,0x00000000,0,0,0,2101905402,0,0,0,0,1,0,0,0,1,2437,0,1,0,1,0,0,0,0,0,0,0,0,-46,1,0,0x08,0,0,8,0x00,0,0,0,0,0,0,0,ff:ff:ff:ff:ff:ff,ff:ff:ff:ff:ff:ff,b0:48:7a:e2:62:23,b0:48:7a:e2:62:23,b0:48:7a:e2:62:23,0,2854,?,?,?,?,?,?,1,1,0,0x0000,0,1,0,0,0,1,0,0,0,0,0,?,?,?,0x00000000114dbd80,100,?,?,?,?,?,?,?,?,?,1,pnet,6,0,1,0,0x00,?,?,?,?,?,?,?,?,?,?,?,?,?,?,?,?,?,?,?,?,?,?,?,?,?,?,?,?,?,?,normal
0,?,0.000000000,1393661302.977158000,0.024163000,0.024163000,0.331401000,185,185,0,0,0,0,26,1,1,1,1,0,1,0,0,0,0,0,1,0,0,1,0,0,0,0,0x00000000,0,0,0,2101930173,0,0,0,0,1,0,0,0,1,2437,0,1,0,1,0,0,0,0,0,0,0,0,-52,1,0,0x08,0,0,8,0x00,0,0,0,0,0,0,0,ff:ff:ff:ff:ff:ff,ff:ff:ff:ff:ff:ff,38:22:9d:ae:c5:65,38:22:9d:ae:c5:65,38:22:9d:ae:c5:65,0,2162,?,?,?,?,?,?,1,1,0,0x0000,1,1,0,0,0,1,0,0,0,0,0,?,?,?,0x0000003e357d0184,100,?,?,?,?,?,?,?,?,?,1,CYTA C565,6,0,1,0,0x00,?,1,2,2,1,2,0,0,0x0000,0x0000,0,0,0,?,?,?,?,?,?,?,?,?,?,?,?,?,?,?,?,?,normal
0,?,0.000000000,1393661302.979001000,0.001843000,0.001843000,0.333244000,185,185,0,0,0,0,26,1,1,1,1,0,1,0,0,0,0,0,1,0,0,1,0,0,0,0,0x00000000,0,0,0,2101932014,0,0,0,0,1,0,0,0,1,2437,0,1,0,1,0,0,0,0,0,0,0,0,-59,1,0,0x08,0,0,8,0x00,0,0,0,0,0,0,0,ff:ff:ff:ff:ff:ff,ff:ff:ff:ff:ff:ff,38:22:9d:c4:8d:28,38:22:9d:c4:8d:28,38:22:9d:c4:8d:28,0,294,?,?,?,?,?,?,1,1,0,0x0000,1,1,0,0,0,1,0,0,0,0,0,?,?,?,0x000000d9e94f11be,100,?,?,?,?,?,?,?,?,?,1,CYTA 8D28,6,0,1,0,0x00,?,1,2,2,1,2,0,0,0x0000,0x0000,0,0,0,?,?,?,?,?,?,?,?,?,?,?,?,?,?,?,?,?,normal
0,?,0.000000000,1393661302.991405000,0.012404000,0.012404000,0.345648000,148,148,0,0,0,0,26,1,1,1,1,0,1,0,0,0,0,0,1,0,0,1,0,0,0,0,0x00000000,0,0,0,2101944719,0,0,0,0,1,0,0,0,1,2437,0,1,0,1,0,0,0,0,0,0,0,0,-29,1,0,0x08,0,0,8,0x00,0,0,0,0,0,0,0,ff:ff:ff:ff:ff:ff,ff:ff:ff:ff:ff:ff,28:c6:8e:86:d3:d6,28:c6:8e:86:d3:d6,28:c6:8e:86:d3:d6,0,1045,?,?,?,?,?,?,1,1,0,0x0000,1,0,0,0,0,1,0,0,0,0,0,?,?,?,0x0000003e381b5191,100,?,?,?,?,?,?,?,?,?,1,AegeanSecLab,6,1,2,0,0x00,?,?,?,?,?,?,?,?,?,?,?,?,?,?,?,?,?,?,?,?,?,?,?,?,?,?,?,?,?,?,normal
0,?,0.000000000,1393661303.013116000,0.021711000,0.021711000,0.367359000,124,124,0,0,0,0,26,1,1,1,1,0,1,0,0,0,0,0,1,0,0,1,0,0,0,0,0x00000000,0,0,0,2101967429,0,0,0,0,1,0,0,0,54,2437,0,0,1,1,0,0,0,0,0,0,0,0,-18,1,0,0x28,0,2,8,0x01,0,0,0,0,1,0,44,28:c6:8e:86:d3:d6,00:13:33:87:62:6d,c0:18:85:94:b6:55,c0:18:85:94:b6:55,28:c6:8e:86:d3:d6,0,1220,?,?,?,?,?,?,1,?,?,?,?,?,?,?,?,?,?,?,?,?,?,?,?,?,?,?,?,?,?,?,?,?,?,?,?,?,?,?,?,?,?,?,?,?,?,?,?,?,?,?,?,?,?,?,?,?,?,0x701db5,0,0x9a31b670,?,?,0,0,?,0x0000,0,?,0,0,?,60,normal
0,?,0.000000000,1393661303.013122000,0.000006000,0.000006000,0.367365000,40,40,0,0,0,0,26,1,1,1,1,0,1,0,0,0,0,0,1,0,0,1,0,0,0,0,0x00000000,0,0,0,2101967483,0,0,0,0,1,0,0,0,24,2437,0,0,1,1,0,0,0,0,0,0,0,0,-21,1,0,0x1d,0,1,13,0x00,0,0,0,0,0,0,0,c0:18:85:94:b6:55,?,?,?,?,?,?,?,?,?,?,?,?,1,?,?,?,?,?,?,?,?,?,?,?,?,?,?,?,?,?,?,?,?,?,?,?,?,?,?,?,?,?,?,?,?,?,?,?,?,?,?,?,?,?,?,?,?,?,?,?,?,?,?,?,?,?,?,?,?,?,?,?,?,?,?,?,?,?,normal
0,?,0.000000000,1393661303.026632000,0.013510000,0.013510000,0.380875000,75,75,0,0,0,0,26,1,1,1,1,0,1,0,0,0,0,0,1,0,0,1,0,0,0,0,0x00000000,0,0,0,2101980527,0,0,0,0,1,0,0,0,1,2437,0,1,0,1,0,0,0,0,0,0,0,0,-27,1,0,0x04,0,0,4,0x00,0,0,0,0,0,0,0,ff:ff:ff:ff:ff:ff,ff:ff:ff:ff:ff:ff,00:1e:e5:9c:1d:1b,00:1e:e5:9c:1d:1b,ff:ff:ff:ff:ff:ff,0,954,?,?,?,?,?,?,1,?,?,?,?,?,?,?,?,?,?,?,?,?,?,?,?,?,?,?,?,?,?,?,?,?,?,?,?,1,?,3,?,?,?,?,?,?,?,?,?,?,?,?,?,?,?,?,?,?,?,?,?,?,?,?,?,?,?,?,?,?,?,?,?,?,normal
0,?,0.000000000,1393661303.026690000,0.000058000,0.000058000,0.380933000,124,124,0,0,0,0,26,1,1,1,1,0,1,0,0,0,0,0,1,0,0,1,0,0,0,0,0x00000000,0,0,0,2101981052,0,0,0,0,1,0,0,0,54,2437,0,0,1,1,0,0,0,0,0,0,0,0,-21,1,0,0x28,0,2,8,0x02,0,0,0,0,1,0,44,c0:18:85:94:b6:55,c0:18:85:94:b6:55,28:c6:8e:86:d3:d6,00:13:33:87:62:6d,28:c6:8e:86:d3:d6,0,99,?,?,?,?,?,?,1,?,?,?,?,?,?,?,?,?,?,?,?,?,?,?,?,?,?,?,?,?,?,?,?,?,?,?,?,?,?,?,?,?,?,?,?,?,?,?,?,?,?,?,?,?,?,?,?,?,?,0x138dc1,0,0x3854f67e,?,?,1,1,0,0x0000,0,?,?,?,0,60,normal
0,?,0.000000000,1393661303.034191000,0.007501000,0.007501000,0.388434000,159,159,0,0,0,0,26,1,1,1,1,0,1,0,0,0,0,0,1,0,0,1,0,0,0,0,0x00000000,0,0,0,2101987416,0,0,0,0,1,0,0,0,1,2437,0,1,0,1,0,0,0,0,0,0,0,0,-33,1,0,0x08,0,0,8,0x00,0,0,0,0,0,0,0,ff:ff:ff:ff:ff:ff,ff:ff:ff:ff:ff:ff,00:13:33:87:62:6d,00:13:33:87:62:6d,00:13:33:87:62:6d,0,3687,?,?,?,?,?,?,1,1,0,0x0000,1,0,0,0,0,1,0,0,0,0,0,?,?,?,0x00000044a18b21bc,100,?,?,?,?,?,?,?,?,?,1,OTE29224e,6,0,1,0,0x00,?,1,2,2,1,2,0,0,0x0000,0x0000,0,0,0,?,?,?,?,?,?,?,?,?,?,?,?,?,?,?,?,?,normal
0,?,0.000000000,1393661303.051298000,0.017107000,0.017107000,0.405541000,261,261,0,0,0,0,26,1,1,1,1,0,1,0,0,0,0,0,1,0,0,1,0,0,0,0,0x00000000,0,0,0,2102003705,0,0,0,0,1,0,0,0,1,2437,0,1,0,1,0,0,0,0,0,0,0,0,-46,1,0,0x08,0,0,8,0x00,0,0,0,0,0,0,0,ff:ff:ff:ff:ff:ff,ff:ff:ff:ff:ff:ff,b0:48:7a:e2:62:23,b0:48:7a:e2:62:23,b0:48:7a:e2:62:23,0,2855,?,?,?,?,?,?,1,1,0,0x0000,0,1,0,0,0,1,0,0,0,0,0,?,?,?,0x00000000114f3d80,100,?,?,?,?,?,?,?,?,?,1,pnet,6,0,1,0,0x00,?,?,?,?,?,?,?,?,?,?,?,?,?,?,?,?,?,?,?,?,?,?,?,?,?,?,?,?,?,?,normal
0,?,0.000000000,1393661303.060116000,0.008818000,0.008818000,0.414359000,54,54,0,0,0,0,26,1,1,1,1,0,1,0,0,0,0,0,1,0,0,1,0,0,0,0,0x00000000,0,0,0,2102014442,0,0,0,0,1,0,0,0,54,2437,0,0,1,1,0,0,0,0,0,0,0,0,-16,1,0,0x24,0,2,4,0x01,0,0,1,0,0,0,44,28:c6:8e:86:d3:d6,28:c6:8e:86:d3:d6,c0:18:85:94:b6:55,c0:18:85:94:b6:55,28:c6:8e:86:d3:d6,0,3708,?,?,?,?,?,?,1,?,?,?,?,?,?,?,?,?,?,?,?,?,?,?,?,?,?,?,?,?,?,?,?,?,?,?,?,?,?,?,?,?,?,?,?,?,?,?,?,?,?,?,?,?,?,?,?,?,?,?,?,?,?,?,?,?,?,?,?,?,?,?,?,?,normal
0,?,0.000000000,1393661303.060122000,0.000006000,0.000006000,0.414365000,40,40,0,0,0,0,26,1,1,1,1,0,1,0,0,0,0,0,1,0,0,1,0,0,0,0,0x00000000,0,0,0,2102014487,0,0,0,0,1,0,0,0,24,2437,0,0,1,1,0,0,0,0,0,0,0,0,-21,1,0,0x1d,0,1,13,0x00,0,0,0,0,0,0,0,c0:18:85:94:b6:55,?,?,?,?,?,?,?,?,?,?,?,?,1,?,?,?,?,?,?,?,?,?,?,?,?,?,?,?,?,?,?,?,?,?,?,?,?,?,?,?,?,?,?,?,?,?,?,?,?,?,?,?,?,?,?,?,?,?,?,?,?,?,?,?,?,?,?,?,?,?,?,?,?,?,?,?,?,?,normal
0,?,0.000000000,1393661303.079591000,0.019469000,0.019469000,0.433834000,185,185,0,0,0,0,26,1,1,1,1,0,1,0,0,0,0,0,1,0,0,1,0,0,0,0,0x00000000,0,0,0,2102032595,0,0,0,0,1,0,0,0,1,2437,0,1,0,1,0,0,0,0,0,0,0,0,-47,1,0,0x08,0,0,8,0x00,0,0,0,0,0,0,0,ff:ff:ff:ff:ff:ff,ff:ff:ff:ff:ff:ff,38:22:9d:ae:c5:65,38:22:9d:ae:c5:65,38:22:9d:ae:c5:65,0,2163,?,?,?,?,?,?,1,1,0,0x0000,1,1,0,0,0,1,0,0,0,0,0,?,?,?,0x0000003e357e9184,100,?,?,?,?,?,?,?,?,?,1,CYTA C565,6,0,1,0,0x00,?,1,2,2,1,2,0,0,0x0000,0x0000,0,0,0,?,?,?,?,?,?,?,?,?,?,?,?,?,?,?,?,?,normal
0,?,0.000000000,1393661303.081359000,0.001768000,0.001768000,0.435602000,185,185,0,0,0,0,26,1,1,1,1,0,1,0,0,0,0,0,1,0,0,1,0,0,0,0,0x00000000,0,0,0,2102034378,0,0,0,0,1,0,0,0,1,2437,0,1,0,1,0,0,0,0,0,0,0,0,-63,1,0,0x08,0,0,8,0x00,0,0,0,0,0,0,0,ff:ff:ff:ff:ff:ff,ff:ff:ff:ff:ff:ff,38:22:9d:c4:8d:28,38:22:9d:c4:8d:28,38:22:9d:c4:8d:28,0,295,?,?,?,?,?,?,1,1,0,0x0000,1,1,0,0,0,1,0,0,0,0,0,?,?,?,0x000000d9e950a182,100,?,?,?,?,?,?,?,?,?,1,CYTA 8D28,6,0,1,0,0x00,?,1,2,2,1,2,0,0,0x0000,0x0000,0,0,0,?,?,?,?,?,?,?,?,?,?,?,?,?,?,?,?,?,normal
0,?,0.000000000,1393661303.093803000,0.012444000,0.012444000,0.448046000,148,148,0,0,0,0,26,1,1,1,1,0,1,0,0,0,0,0,1,0,0,1,0,0,0,0,0x00000000,0,0,0,2102047113,0,0,0,0,1,0,0,0,1,2437,0,1,0,1,0,0,0,0,0,0,0,0,-29,1,0,0x08,0,0,8,0x00,0,0,0,0,0,0,0,ff:ff:ff:ff:ff:ff,ff:ff:ff:ff:ff:ff,28:c6:8e:86:d3:d6,28:c6:8e:86:d3:d6,28:c6:8e:86:d3:d6,0,1046,?,?,?,?,?,?,1,1,0,0x0000,1,0,0,0,0,1,0,0,0,0,0,?,?,?,0x0000003e381ce18c,100,?,?,?,?,?,?,?,?,?,1,AegeanSecLab,6,0,2,0,0x00,?,?,?,?,?,?,?,?,?,?,?,?,?,?,?,?,?,?,?,?,?,?,?,?,?,?,?,?,?,?,normal
0,?,0.000000000,1393661303.102639000,0.008836000,0.008836000,0.456882000,75,75,0,0,0,0,26,1,1,1,1,0,1,0,0,0,0,0,1,0,0,1,0,0,0,0,0x00000000,0,0,0,2102056536,0,0,0,0,1,0,0,0,1,2437,0,1,0,1,0,0,0,0,0,0,0,0,-23,1,0,0x04,0,0,4,0x00,0,0,0,0,0,0,0,ff:ff:ff:ff:ff:ff,ff:ff:ff:ff:ff:ff,00:1e:e5:9c:1d:1b,00:1e:e5:9c:1d:1b,ff:ff:ff:ff:ff:ff,0,955,?,?,?,?,?,?,1,?,?,?,?,?,?,?,?,?,?,?,?,?,?,?,?,?,?,?,?,?,?,?,?,?,?,?,?,1,?,4,?,?,?,?,?,?,?,?,?,?,?,?,?,?,?,?,?,?,?,?,?,?,?,?,?,?,?,?,?,?,?,?,?,?,normal
0,?,0.000000000,1393661303.104753000,0.002114000,0.002114000,0.458996000,179,179,0,0,0,0,26,1,1,1,1,0,1,0,0,0,0,0,1,0,0,1,0,0,0,0,0x00000000,0,0,0,2102057818,0,0,0,0,1,0,0,0,1,2437,0,1,0,1,0,0,0,0,0,0,0,0,-52,1,0,0x05,0,0,5,0x00,0,0,0,0,0,0,0,00:1e:e5:9c:1d:1b,00:1e:e5:9c:1d:1b,38:22:9d:ae:c5:65,38:22:9d:ae:c5:65,38:22:9d:ae:c5:65,0,2164,?,?,?,?,?,?,1,1,0,0x0000,1,1,0,0,0,1,0,0,0,0,0,?,?,?,0x0000003e357dc804,100,?,?,?,?,?,?,?,?,?,1,CYTA C565,6,?,?,?,?,?,1,2,2,1,2,0,0,0x0000,0x0000,0,0,0,?,?,?,?,?,?,?,?,?,?,?,?,?,?,?,?,?,normal
0,?,0.000000000,1393661303.106258000,0.001505000,0.001505000,0.460501000,179,179,0,0,0,0,26,1,1,1,1,0,1,0,0,0,0,0,1,0,0,1,0,0,0,0,0x00000000,0,0,0,2102059319,0,0,0,0,1,0,0,0,1,2437,0,1,0,1,0,0,0,0,0,0,0,0,-49,1,0,0x05,0,0,5,0x00,0,1,0,0,0,0,0,00:1e:e5:9c:1d:1b,00:1e:e5:9c:1d:1b,38:22:9d:ae:c5:65,38:22:9d:ae:c5:65,38:22:9d:ae:c5:65,0,2164,?,?,?,?,?,?,1,1,0,0x0000,1,1,0,0,0,1,0,0,0,0,0,?,?,?,0x0000003e357dcde2,100,?,?,?,?,?,?,?,?,?,1,CYTA C565,6,?,?,?,?,?,1,2,2,1,2,0,0,0x0000,0x0000,0,0,0,?,?,?,?,?,?,?,?,?,?,?,?,?,?,?,?,?,normal
0,?,0.000000000,1393661303.107731000,0.001473000,0.001473000,0.461974000,179,179,0,0,0,0,26,1,1,1,1,0,1,0,0,0,0,0,1,0,0,1,0,0,0,0,0x00000000,0,0,0,2102060794,0,0,0,0,1,0,0,0,1,2437,0,1,0,1,0,0,0,0,0,0,0,0,-52,1,0,0x05,0,0,5,0x00,0,1,0,0,0,0,0,00:1e:e5:9c:1d:1b,00:1e:e5:9c:1d:1b,38:22:9d:ae:c5:65,38:22:9d:ae:c5:65,38:22:9d:ae:c5:65,0,2164,?,?,?,?,?,?,1,1,0,0x0000,1,1,0,0,0,1,0,0,0,0,0,?,?,?,0x0000003e357dd3a6,100,?,?,?,?,?,?,?,?,?,1,CYTA C565,6,?,?,?,?,?,1,2,2,1,2,0,0,0x0000,0x0000,0,0,0,?,?,?,?,?,?,?,?,?,?,?,?,?,?,?,?,?,normal
0,?,0.000000000,1393661303.109203000,0.001472000,0.001472000,0.463446000,179,179,0,0,0,0,26,1,1,1,1,0,1,0,0,0,0,0,1,0,0,1,0,0,0,0,0x00000000,0,0,0,2102062269,0,0,0,0,1,0,0,0,1,2437,0,1,0,1,0,0,0,0,0,0,0,0,-49,1,0,0x05,0,0,5,0x00,0,1,0,0,0,0,0,00:1e:e5:9c:1d:1b,00:1e:e5:9c:1d:1b,38:22:9d:ae:c5:65,38:22:9d:ae:c5:65,38:22:9d:ae:c5:65,0,2164,?,?,?,?,?,?,1,1,0,0x0000,1,1,0,0,0,1,0,0,0,0,0,?,?,?,0x0000003e357dd962,100,?,?,?,?,?,?,?,?,?,1,CYTA C565,6,?,?,?,?,?,1,2,2,1,2,0,0,0x0000,0x0000,0,0,0,?,?,?,?,?,?,?,?,?,?,?,?,?,?,?,?,?,normal
0,?,0.000000000,1393661303.136593000,0.027390000,0.027390000,0.490836000,159,159,0,0,0,0,26,1,1,1,1,0,1,0,0,0,0,0,1,0,0,1,0,0,0,0,0x00000000,0,0,0,2102089816,0,0,0,0,1,0,0,0,1,2437,0,1,0,1,0,0,0,0,0,0,0,0,-33,1,0,0x08,0,0,8,0x00,0,0,0,0,0,0,0,ff:ff:ff:ff:ff:ff,ff:ff:ff:ff:ff:ff,00:13:33:87:62:6d,00:13:33:87:62:6d,00:13:33:87:62:6d,0,3688,?,?,?,?,?,?,1,1,0,0x0000,1,0,0,0,0,1,0,0,0,0,0,?,?,?,0x00000044a18cb1bc,100,?,?,?,?,?,?,?,?,?,1,OTE29224e,6,0,1,0,0x00,?,1,2,2,1,2,0,0,0x0000,0x0000,0,0,0,?,?,?,?,?,?,?,?,?,?,?,?,?,?,?,?,?,normal
0,?,0.000000000,1393661303.161873000,0.025280000,0.025280000,0.516116000,261,261,0,0,0,0,26,1,1,1,1,0,1,0,0,0,0,0,1,0,0,1,0,0,0,0,0x00000000,0,0,0,2102114297,0,0,0,0,1,0,0,0,1,2437,0,1,0,1,0,0,0,0,0,0,0,0,-46,1,0,0x08,0,0,8,0x00,0,0,0,0,0,0,0,ff:ff:ff:ff:ff:ff,ff:ff:ff:ff:ff:ff,b0:48:7a:e2:62:23,b0:48:7a:e2:62:23,b0:48:7a:e2:62:23,0,2856,?,?,?,?,?,?,1,1,0,0x0000,0,1,0,0,0,1,0,0,0,0,0,?,?,?,0x000000001150ed80,100,?,?,?,?,?,?,?,?,?,1,pnet,6,0,1,0,0x00,?,?,?,?,?,?,?,?,?,?,?,?,?,?,?,?,?,?,?,?,?,?,?,?,?,?,?,?,?,?,normal
0,?,0.000000000,1393661303.171878000,0.010005000,0.010005000,0.526121000,108,108,0,0,0,0,26,1,1,1,1,0,1,0,0,0,0,0,1,0,0,1,0,0,0,0,0x00000000,0,0,0,2102126108,0,0,0,0,1,0,0,0,11,2437,0,1,0,1,0,0,0,0,0,0,0,0,-47,1,0,0x20,0,2,0,0x02,0,0,0,0,0,0,0,ff:ff:ff:ff:ff:ff,ff:ff:ff:ff:ff:ff,b0:48:7a:e2:62:23,b0:b2:dc:06:ff:b8,b0:48:7a:e2:62:23,0,681,?,?,?,?,?,?,1,?,?,?,?,?,?,?,?,?,?,?,?,?,?,?,?,?,?,?,?,?,?,?,?,?,?,?,?,?,?,?,?,?,?,?,?,?,?,?,?,?,?,?,?,?,?,?,?,?,?,?,?,?,?,?,?,?,?,?,?,?,?,?,?,46,normal
0,?,0.000000000,1393661303.176108000,0.004230000,0.004230000,0.530351000,153,153,0,0,0,0,26,1,1,1,1,0,1,0,0,0,0,0,1,0,0,1,0,0,0,0,0x00000000,0,0,0,2102129379,0,0,0,0,1,0,0,0,1,2437,0,1,0,1,0,0,0,0,0,0,0,0,-33,1,0,0x05,0,0,5,0x00,0,0,0,0,0,0,314,00:1e:e5:9c:1d:1b,00:1e:e5:9c:1d:1b,00:13:33:87:62:6d,00:13:33:87:62:6d,00:13:33:87:62:6d,0,3689,?,?,?,?,?,?,1,1,0,0x0000,1,0,0,0,0,1,0,0,0,0,0,?,?,?,0x00000044a18d4c47,100,?,?,?,?,?,?,?,?,?,1,OTE29224e,6,?,?,?,?,?,1,2,2,1,2,0,0,0x0000,0x0000,0,0,0,?,?,?,?,?,?,?,?,?,?,?,?,?,?,?,?,?,normal
0,?,0.000000000,1393661303.176485000,0.000377000,0.000377000,0.530728000,40,40,0,0,0,0,26,1,1,1,1,0,1,0,0,0,0,0,1,0,0,1,0,0,0,0,0x00000000,0,0,0,2102130818,0,0,0,0,1,0,0,0,24,2437,0,0,1,1,0,0,0,0,0,0,0,0,-21,1,0,0x1d,0,1,13,0x00,0,0,0,0,0,0,0,c0:18:85:94:b6:55,?,?,?,?,?,?,?,?,?,?,?,?,1,?,?,?,?,?,?,?,?,?,?,?,?,?,?,?,?,?,?,?,?,?,?,?,?,?,?,?,?,?,?,?,?,?,?,?,?,?,?,?,?,?,?,?,?,?,?,?,?,?,?,?,?,?,?,?,?,?,?,?,?,?,?,?,?,?,normal
0,?,0.000000000,1393661303.177953000,0.001468000,0.001468000,0.532196000,179,179,0,0,0,0,26,1,1,1,1,0,1,0,0,0,0,0,1,0,0,1,0,0,0,0,0x00000000,0,0,0,2102131015,0,0,0,0,1,0,0,0,1,2437,0,1,0,1,0,0,0,0,0,0,0,0,-51,1,0,0x05,0,0,5,0x00,0,0,0,0,0,0,0,00:1e:e5:9c:1d:1b,00:1e:e5:9c:1d:1b,38:22:9d:ae:c5:65,38:22:9d:ae:c5:65,38:22:9d:ae:c5:65,0,2165,?,?,?,?,?,?,1,1,0,0x0000,1,1,0,0,0,1,0,0,0,0,0,?,?,?,0x0000003e357ee5de,100,?,?,?,?,?,?,?,?,?,1,CYTA C565,6,?,?,?,?,?,1,2,2,1,2,0,0,0x0000,0x0000,0,0,0,?,?,?,?,?,?,?,?,?,?,?,?,?,?,?,?,?,normal
0,?,0.000000000,1393661303.179449000,0.001496000,0.001496000,0.533692000,179,179,0,0,0,0,26,1,1,1,1,0,1,0,0,0,0,0,1,0,0,1,0,0,0,0,0x00000000,0,0,0,2102132516,0,0,0,0,1,0,0,0,1,2437,0,1,0,1,0,0,0,0,0,0,0,0,-52,1,0,0x05,0,0,5,0x00,0,1,0,0,0,0,0,00:1e:e5:9c:1d:1b,00:1e:e5:9c:1d:1b,38:22:9d:ae:c5:65,38:22:9d:ae:c5:65,38:22:9d:ae:c5:65,0,2165,?,?,?,?,?,?,1,1,0,0x0000,1,1,0,0,0,1,0,0,0,0,0,?,?,?,0x0000003e357eebb8,100,?,?,?,?,?,?,?,?,?,1,CYTA C565,6,?,?,?,?,?,1,2,2,1,2,0,0,0x0000,0x0000,0,0,0,?,?,?,?,?,?,?,?,?,?,?,?,?,?,?,?,?,normal
0,?,0.000000000,1393661303.182080000,0.002631000,0.002631000,0.536323000,185,185,0,0,0,0,26,1,1,1,1,0,1,0,0,0,0,0,1,0,0,1,0,0,0,0,0x00000000,0,0,0,2102135092,0,0,0,0,1,0,0,0,1,2437,0,1,0,1,0,0,0,0,0,0,0,0,-49,1,0,0x08,0,0,8,0x00,0,0,0,0,0,0,0,ff:ff:ff:ff:ff:ff,ff:ff:ff:ff:ff:ff,38:22:9d:ae:c5:65,38:22:9d:ae:c5:65,38:22:9d:ae:c5:65,0,2166,?,?,?,?,?,?,1,1,0,0x0000,1,1,0,0,0,1,0,0,0,0,0,?,?,?,0x0000003e358021cc,100,?,?,?,?,?,?,?,?,?,1,CYTA C565,6,0,1,0,0x00,?,1,2,2,1,2,0,0,0x0000,0x0000,0,0,0,?,?,?,?,?,?,?,?,?,?,?,?,?,?,?,?,?,normal
0,?,0.000000000,1393661303.183511000,0.001431000,0.001431000,0.537754000,179,179,0,0,0,0,26,1,1,1,1,0,1,0,0,0,0,0,1,0,0,1,0,0,0,0,0x00000000,0,0,0,2102136577,0,0,0,0,1,0,0,0,1,2437,0,1,0,1,0,0,0,0,0,0,0,0,-52,1,0,0x05,0,0,5,0x00,0,1,0,0,0,0,0,00:1e:e5:9c:1d:1b,00:1e:e5:9c:1d:1b,38:22:9d:ae:c5:65,38:22:9d:ae:c5:65,38:22:9d:ae:c5:65,0,2165,?,?,?,?,?,?,1,1,0,0x0000,1,1,0,0,0,1,0,0,0,0,0,?,?,?,0x0000003e357efb98,100,?,?,?,?,?,?,?,?,?,1,CYTA C565,6,?,?,?,?,?,1,2,2,1,2,0,0,0x0000,0x0000,0,0,0,?,?,?,?,?,?,?,?,?,?,?,?,?,?,?,?,?,normal
0,?,0.000000000,1393661303.185013000,0.001502000,0.001502000,0.539256000,179,179,0,0,0,0,26,1,1,1,1,0,1,0,0,0,0,0,1,0,0,1,0,0,0,0,0x00000000,0,0,0,2102138077,0,0,0,0,1,0,0,0,1,2437,0,1,0,1,0,0,0,0,0,0,0,0,-51,1,0,0x05,0,0,5,0x00,0,1,0,0,0,0,0,00:1e:e5:9c:1d:1b,00:1e:e5:9c:1d:1b,38:22:9d:ae:c5:65,38:22:9d:ae:c5:65,38:22:9d:ae:c5:65,0,2165,?,?,?,?,?,?,1,1,0,0x0000,1,1,0,0,0,1,0,0,0,0,0,?,?,?,0x0000003e357f0174,100,?,?,?,?,?,?,?,?,?,1,CYTA C565,6,?,?,?,?,?,1,2,2,1,2,0,0,0x0000,0x0000,0,0,0,?,?,?,?,?,?,?,?,?,?,?,?,?,?,?,?,?,normal
0,?,0.000000000,1393661303.186999000,0.001986000,0.001986000,0.541242000,185,185,0,0,0,0,26,1,1,1,1,0,1,0,0,0,0,0,1,0,0,1,0,0,0,0,0x00000000,0,0,0,2102140013,0,0,0,0,1,0,0,0,1,2437,0,1,0,1,0,0,0,0,0,0,0,0,-58,1,0,0x08,0,0,8,0x00,0,0,0,0,0,0,0,ff:ff:ff:ff:ff:ff,ff:ff:ff:ff:ff:ff,38:22:9d:c4:8d:28,38:22:9d:c4:8d:28,38:22:9d:c4:8d:28,0,296,?,?,?,?,?,?,1,1,0,0x0000,1,1,0,0,0,1,0,0,0,0,0,?,?,?,0x000000d9e9523e0a,100,?,?,?,?,?,?,?,?,?,1,CYTA 8D28,6,0,1,0,0x00,?,1,2,2,1,2,0,0,0x0000,0x0000,0,0,0,?,?,?,?,?,?,?,?,?,?,?,?,?,?,?,?,?,normal
0,?,0.000000000,1393661303.196187000,0.009188000,0.009188000,0.550430000,148,148,0,0,0,0,26,1,1,1,1,0,1,0,0,0,0,0,1,0,0,1,0,0,0,0,0x00000000,0,0,0,2102149526,0,0,0,0,1,0,0,0,1,2437,0,1,0,1,0,0,0,0,0,0,0,0,-30,1,0,0x08,0,0,8,0x00,0,0,0,0,0,0,0,ff:ff:ff:ff:ff:ff,ff:ff:ff:ff:ff:ff,28:c6:8e:86:d3:d6,28:c6:8e:86:d3:d6,28:c6:8e:86:d3:d6,0,1047,?,?,?,?,?,?,1,1,0,0x0000,1,0,0,0,0,1,0,0,0,0,0,?,?,?,0x0000003e381e7199,100,?,?,?,?,?,?,?,?,?,1,AegeanSecLab,6,1,2,0,0x00,?,?,?,?,?,?,?,?,?,?,?,?,?,?,?,?,?,?,?,?,?,?,?,?,?,?,?,?,?,?,normal
0,?,0.000000000,1393661303.214098000,0.017911000,0.017911000,0.568341000,1524,1524,0,0,0,0,26,1,1,1,1,0,1,0,0,0,0,0,1,0,0,1,0,0,0,0,0x00000000,0,0,0,2102168178,0,0,0,0,1,0,0,0,54,2437,0,0,1,1,0,0,0,0,0,0,0,0,-24,1,0,0x28,0,2,8,0x02,0,0,0,0,1,0,44,c0:18:85:94:b6:55,c0:18:85:94:b6:55,28:c6:8e:86:d3:d6,00:13:33:87:62:6d,28:c6:8e:86:d3:d6,0,100,?,?,?,?,?,?,1,?,?,?,?,?,?,?,?,?,?,?,?,?,?,?,?,?,?,?,?,?,?,?,?,?,?,?,?,?,?,?,?,?,?,?,?,?,?,?,?,?,?,?,?,?,?,?,?,?,?,0x148dc1,0,0x5a9c5f7d,?,?,1,1,0,0x0000,0,?,?,?,0,1460,normal
0,?,0.000000000,1393661303.238994000,0.024896000,0.024896000,0.593237000,159,159,0,0,0,0,26,1,1,1,1,0,1,0,0,0,0,0,1,0,0,1,0,0,0,0,0x00000000,0,0,0,2102192217,0,0,0,0,1,0,0,0,1,2437,0,1,0,1,0,0,0,0,0,0,0,0,-32,1,0,0x08,0,0,8,0x00,0,0,0,0,0,0,0,ff:ff:ff:ff:ff:ff,ff:ff:ff:ff:ff:ff,00:13:33:87:62:6d,00:13:33:87:62:6d,00:13:33:87:62:6d,0,3690,?,?,?,?,?,?,1,1,0,0x0000,1,0,0,0,0,1,0,0,0,0,0,?,?,?,0x00000044a18e41bc,100,?,?,?,?,?,?,?,?,?,1,OTE29224e,6,0,1,0,0x00,?,1,2,2,1,2,0,0,0x0000,0x0000,0,0,0,?,?,?,?,?,?,?,?,?,?,?,?,?,?,?,?,?,normal
0,?,0.000000000,1393661303.250591000,0.011597000,0.011597000,0.604834000,75,75,0,0,0,0,26,1,1,1,1,0,1,0,0,0,0,0,1,0,0,1,0,0,0,0,0x00000000,0,0,0,2102204485,0,0,0,0,1,0,0,0,1,2437,0,1,0,1,0,0,0,0,0,0,0,0,-20,1,0,0x04,0,0,4,0x00,0,0,0,0,0,0,0,ff:ff:ff:ff:ff:ff,ff:ff:ff:ff:ff:ff,00:1e:e5:9c:1d:1b,00:1e:e5:9c:1d:1b,ff:ff:ff:ff:ff:ff,0,957,?,?,?,?,?,?,1,?,?,?,?,?,?,?,?,?,?,?,?,?,?,?,?,?,?,?,?,?,?,?,?,?,?,?,?,1,?,6,?,?,?,?,?,?,?,?,?,?,?,?,?,?,?,?,?,?,?,?,?,?,?,?,?,?,?,?,?,?,?,?,?,?,normal
0,?,0.000000000,1393661303.253318000,0.002727000,0.002727000,0.607561000,153,153,0,0,0,0,26,1,1,1,1,0,1,0,0,0,0,0,1,0,0,1,0,0,0,0,0x00000000,0,0,0,2102206593,0,0,0,0,1,0,0,0,1,2437,0,1,0,1,0,0,0,0,0,0,0,0,-32,1,0,0x05,0,0,5,0x00,0,0,0,0,0,0,314,00:1e:e5:9c:1d:1b,00:1e:e5:9c:1d:1b,00:13:33:87:62:6d,00:13:33:87:62:6d,00:13:33:87:62:6d,0,3691,?,?,?,?,?,?,1,1,0,0x0000,1,0,0,0,0,1,0,0,0,0,0,?,?,?,0x00000044a18e79e4,100,?,?,?,?,?,?,?,?,?,1,OTE29224e,6,?,?,?,?,?,1,2,2,1,2,0,0,0x0000,0x0000,0,0,0,?,?,?,?,?,?,?,?,?,?,?,?,?,?,?,?,?,normal
0,?,0.000000000,1393661303.254782000,0.001464000,0.001464000,0.609025000,142,142,0,0,0,0,26,1,1,1,1,0,1,0,0,0,0,0,1,0,0,1,0,0,0,0,0x00000000,0,0,0,2102208145,0,0,0,0,1,0,0,0,1,2437,0,1,0,1,0,0,0,0,0,0,0,0,-29,1,0,0x05,0,0,5,0x00,0,1,0,0,0,0,314,00:1e:e5:9c:1d:1b,00:1e:e5:9c:1d:1b,28:c6:8e:86:d3:d6,28:c6:8e:86:d3:d6,28:c6:8e:86:d3:d6,0,1048,?,?,?,?,?,?,1,1,0,0x0000,1,0,0,0,0,1,0,0,0,0,0,?,?,?,0x0000003e381f5693,100,?,?,?,?,?,?,?,?,?,1,AegeanSecLab,6,?,?,?,?,?,?,?,?,?,?,?,?,?,?,?,?,?,?,?,?,?,?,?,?,?,?,?,?,?,?,?,?,?,?,normal
0,?,0.000000000,1393661303.255100000,0.000318000,0.000318000,0.609343000,40,40,0,0,0,0,26,1,1,1,1,0,1,0,0,0,0,0,1,0,0,1,0,0,0,0,0x00000000,0,0,0,2102209279,0,0,0,0,1,0,0,0,1,2437,0,1,0,1,0,0,0,0,0,0,0,0,-19,1,0,0x1d,0,1,13,0x00,0,0,0,0,0,0,0,28:c6:8e:86:d3:d6,?,?,?,?,?,?,?,?,?,?,?,?,1,?,?,?,?,?,?,?,?,?,?,?,?,?,?,?,?,?,?,?,?,?,?,?,?,?,?,?,?,?,?,?,?,?,?,?,?,?,?,?,?,?,?,?,?,?,?,?,?,?,?,?,?,?,?,?,?,?,?,?,?,?,?,?,?,?,normal
0,?,0.000000000,1393661303.256557000,0.001457000,0.001457000,0.610800000,179,179,0,0,0,0,26,1,1,1,1,0,1,0,0,0,0,0,1,0,0,1,0,0,0,0,0x00000000,0,0,0,2102209620,0,0,0,0,1,0,0,0,1,2437,0,1,0,1,0,0,0,0,0,0,0,0,-52,1,0,0x05,0,0,5,0x00,0,0,0,0,0,0,0,00:1e:e5:9c:1d:1b,00:1e:e5:9c:1d:1b,38:22:9d:ae:c5:65,38:22:9d:ae:c5:65,38:22:9d:ae:c5:65,0,2167,?,?,?,?,?,?,1,1,0,0x0000,1,1,0,0,0,1,0,0,0,0,0,?,?,?,0x0000003e358018d6,100,?,?,?,?,?,?,?,?,?,1,CYTA C565,6,?,?,?,?,?,1,2,2,1,2,0,0,0x0000,0x0000,0,0,0,?,?,?,?,?,?,?,?,?,?,?,?,?,?,?,?,?,normal
0,?,0.000000000,1393661303.256868000,0.000311000,0.000311000,0.611111000,40,40,0,0,0,0,26,1,1,1,1,0,1,0,0,0,0,0,1,0,0,1,0,0,0,0,0x00000000,0,0,0,2102211050,0,0,0,0,1,0,0,0,1,2437,0,1,0,1,0,0,0,0,0,0,0,0,-20,1,0,0x1d,0,1,13,0x00,0,0,0,0,0,0,0,38:22:9d:ae:c5:65,?,?,?,?,?,?,?,?,?,?,?,?,1,?,?,?,?,?,?,?,?,?,?,?,?,?,?,?,?,?,?,?,?,?,?,?,?,?,?,?,?,?,?,?,?,?,?,?,?,?,?,?,?,?,?,?,?,?,?,?,?,?,?,?,?,?,?,?,?,?,?,?,?,?,?,?,?,?,normal
0,?,0.000000000,1393661303.260198000,0.003330000,0.003330000,0.614441000,261,261,0,0,0,0,26,1,1,1,1,0,1,0,0,0,0,0,1,0,0,1,0,0,0,0,0x00000000,0,0,0,2102212600,0,0,0,0,1,0,0,0,1,2437,0,1,0,1,0,0,0,0,0,0,0,0,-46,1,0,0x08,0,0,8,0x00,0,0,0,0,0,0,0,ff:ff:ff:ff:ff:ff,ff:ff:ff:ff:ff:ff,b0:48:7a:e2:62:23,b0:48:7a:e2:62:23,b0:48:7a:e2:62:23,0,2857,?,?,?,?,?,?,1,1,0,0x0000,0,1,0,0,0,1,0,0,0,0,0,?,?,?,0x0000000011526d80,100,?,?,?,?,?,?,?,?,?,1,pnet,6,0,1,0,0x00,?,?,?,?,?,?,?,?,?,?,?,?,?,?,?,?,?,?,?,?,?,?,?,?,?,?,?,?,?,?,normal
0,?,0.000000000,1393661303.263007000,0.002809000,0.002809000,0.617250000,40,40,0,0,0,0,26,1,1,1,1,0,1,0,0,0,0,0,1,0,0,1,0,0,0,0,0x00000000,0,0,0,2102217211,0,0,0,0,1,0,0,0,1,2437,0,1,0,1,0,0,0,0,0,0,0,0,-20,1,0,0x1d,0,1,13,0x00,0,0,0,0,0,0,0,b0:48:7a:e2:62:23,?,?,?,?,?,?,?,?,?,?,?,?,1,?,?,?,?,?,?,?,?,?,?,?,?,?,?,?,?,?,?,?,?,?,?,?,?,?,?,?,?,?,?,?,?,?,?,?,?,?,?,?,?,?,?,?,?,?,?,?,?,?,?,?,?,?,?,?,?,?,?,?,?,?,?,?,?,?,normal
0,?,0.000000000,1393661303.284430000,0.021423000,0.021423000,0.638673000,185,185,0,0,0,0,26,1,1,1,1,0,1,0,0,0,0,0,1,0,0,1,0,0,0,0,0x00000000,0,0,0,2102237447,0,0,0,0,1,0,0,0,1,2437,0,1,0,1,0,0,0,0,0,0,0,0,-56,1,0,0x08,0,0,8,0x00,0,0,0,0,0,0,0,ff:ff:ff:ff:ff:ff,ff:ff:ff:ff:ff:ff,38:22:9d:ae:c5:65,38:22:9d:ae:c5:65,38:22:9d:ae:c5:65,0,2168,?,?,?,?,?,?,1,1,0,0x0000,1,1,0,0,0,1,0,0,0,0,0,?,?,?,0x0000003e3581b184,100,?,?,?,?,?,?,?,?,?,1,CYTA C565,6,0,1,0,0x00,?,1,2,2,1,2,0,0,0x0000,0x0000,0,0,0,?,?,?,?,?,?,?,?,?,?,?,?,?,?,?,?,?,normal
0,?,0.000000000,1393661303.286273000,0.001843000,0.001843000,0.640516000,185,185,0,0,0,0,26,1,1,1,1,0,1,0,0,0,0,0,1,0,0,1,0,0,0,0,0x00000000,0,0,0,2102239287,0,0,0,0,1,0,0,0,1,2437,0,1,0,1,0,0,0,0,0,0,0,0,-63,1,0,0x08,0,0,8,0x00,0,0,0,0,0,0,0,ff:ff:ff:ff:ff:ff,ff:ff:ff:ff:ff:ff,38:22:9d:c4:8d:28,38:22:9d:c4:8d:28,38:22:9d:c4:8d:28,0,297,?,?,?,?,?,?,1,1,0,0x0000,1,1,0,0,0,1,0,0,0,0,0,?,?,?,0x000000d9e953c1bc,100,?,?,?,?,?,?,?,?,?,1,CYTA 8D28,6,0,1,0,0x00,?,1,2,2,1,2,0,0,0x0000,0x0000,0,0,0,?,?,?,?,?,?,?,?,?,?,?,?,?,?,?,?,?,normal
0,?,0.000000000,1393661303.298593000,0.012320000,0.012320000,0.652836000,148,148,0,0,0,0,26,1,1,1,1,0,1,0,0,0,0,0,1,0,0,1,0,0,0,0,0x00000000,0,0,0,2102251905,0,0,0,0,1,0,0,0,1,2437,0,1,0,1,0,0,0,0,0,0,0,0,-27,1,0,0x08,0,0,8,0x00,0,0,0,0,0,0,0,ff:ff:ff:ff:ff:ff,ff:ff:ff:ff:ff:ff,28:c6:8e:86:d3:d6,28:c6:8e:86:d3:d6,28:c6:8e:86:d3:d6,0,1049,?,?,?,?,?,?,1,1,0,0x0000,1,0,0,0,0,1,0,0,0,0,0,?,?,?,0x0000003e38200184,100,?,?,?,?,?,?,?,?,?,1,AegeanSecLab,6,0,2,0,0x00,?,?,?,?,?,?,?,?,?,?,?,?,?,?,?,?,?,?,?,?,?,?,?,?,?,?,?,?,?,?,normal
0,?,0.000000000,1393661303.328172000,0.029579000,0.029579000,0.682415000,179,179,0,0,0,0,26,1,1,1,1,0,1,0,0,0,0,0,1,0,0,1,0,0,0,0,0x00000000,0,0,0,2102281223,0,0,0,0,1,0,0,0,1,2437,0,1,0,1,0,0,0,0,0,0,0,0,-55,1,0,0x05,0,0,5,0x00,0,0,0,0,0,0,0,00:1e:e5:9c:1d:1b,00:1e:e5:9c:1d:1b,38:22:9d:ae:c5:65,38:22:9d:ae:c5:65,38:22:9d:ae:c5:65,0,2169,?,?,?,?,?,?,1,1,0,0x0000,1,1,0,0,0,1,0,0,0,0,0,?,?,?,0x0000003e3581307c,100,?,?,?,?,?,?,?,?,?,1,CYTA C565,6,?,?,?,?,?,1,2,2,1,2,0,0,0x0000,0x0000,0,0,0,?,?,?,?,?,?,?,?,?,?,?,?,?,?,?,?,?,normal
0,?,0.000000000,1393661303.330212000,0.002040000,0.002040000,0.684455000,255,255,0,0,0,0,26,1,1,1,1,0,1,0,0,0,0,0,1,0,0,1,0,0,0,0,0x00000000,0,0,0,2102282668,0,0,0,0,1,0,0,0,1,2437,0,1,0,1,0,0,0,0,0,0,0,0,-46,1,0,0x05,0,0,5,0x00,0,0,0,0,0,0,320,00:1e:e5:9c:1d:1b,00:1e:e5:9c:1d:1b,b0:48:7a:e2:62:23,b0:48:7a:e2:62:23,b0:48:7a:e2:62:23,0,683,?,?,?,?,?,?,1,1,0,0x0000,0,1,0,0,0,1,0,0,0,0,0,?,?,?,0x0000000011522334,100,?,?,?,?,?,?,?,?,?,1,pnet,6,?,?,?,?,?,?,?,?,?,?,?,?,?,?,?,?,?,?,?,?,?,?,?,?,?,?,?,?,?,?,?,?,?,?,normal
0,?,0.000000000,1393661303.332318000,0.002106000,0.002106000,0.686561000,255,255,0,0,0,0,26,1,1,1,1,0,1,0,0,0,0,0,1,0,0,1,0,0,0,0,0x00000000,0,0,0,2102284774,0,0,0,0,1,0,0,0,1,2437,0,1,0,1,0,0,0,0,0,0,0,0,-47,1,0,0x05,0,0,5,0x00,0,1,0,0,0,0,320,00:1e:e5:9c:1d:1b,00:1e:e5:9c:1d:1b,b0:48:7a:e2:62:23,b0:48:7a:e2:62:23,b0:48:7a:e2:62:23,0,683,?,?,?,?,?,?,1,1,0,0x0000,0,1,0,0,0,1,0,0,0,0,0,?,?,?,0x0000000011522b6e,100,?,?,?,?,?,?,?,?,?,1,pnet,6,?,?,?,?,?,?,?,?,?,?,?,?,?,?,?,?,?,?,?,?,?,?,?,?,?,?,?,?,?,?,?,?,?,?,normal
0,?,0.000000000,1393661303.334423000,0.002105000,0.002105000,0.688666000,255,255,0,0,0,0,26,1,1,1,1,0,1,0,0,0,0,0,1,0,0,1,0,0,0,0,0x00000000,0,0,0,2102286872,0,0,0,0,1,0,0,0,1,2437,0,1,0,1,0,0,0,0,0,0,0,0,-46,1,0,0x05,0,0,5,0x00,0,1,0,0,0,0,320,00:1e:e5:9c:1d:1b,00:1e:e5:9c:1d:1b,b0:48:7a:e2:62:23,b0:48:7a:e2:62:23,b0:48:7a:e2:62:23,0,683,?,?,?,?,?,?,1,1,0,0x0000,0,1,0,0,0,1,0,0,0,0,0,?,?,?,0x00000000115233a0,100,?,?,?,?,?,?,?,?,?,1,pnet,6,?,?,?,?,?,?,?,?,?,?,?,?,?,?,?,?,?,?,?,?,?,?,?,?,?,?,?,?,?,?,?,?,?,?,normal
0,?,0.000000000,1393661303.336557000,0.002134000,0.002134000,0.690800000,255,255,0,0,0,0,26,1,1,1,1,0,1,0,0,0,0,0,1,0,0,1,0,0,0,0,0x00000000,0,0,0,2102289005,0,0,0,0,1,0,0,0,1,2437,0,1,0,1,0,0,0,0,0,0,0,0,-47,1,0,0x05,0,0,5,0x00,0,1,0,0,0,0,320,00:1e:e5:9c:1d:1b,00:1e:e5:9c:1d:1b,b0:48:7a:e2:62:23,b0:48:7a:e2:62:23,b0:48:7a:e2:62:23,0,683,?,?,?,?,?,?,1,1,0,0x0000,0,1,0,0,0,1,0,0,0,0,0,?,?,?,0x0000000011523bf5,100,?,?,?,?,?,?,?,?,?,1,pnet,6,?,?,?,?,?,?,?,?,?,?,?,?,?,?,?,?,?,?,?,?,?,?,?,?,?,?,?,?,?,?,?,?,?,?,normal
0,?,0.000000000,1393661303.338325000,0.001768000,0.001768000,0.692568000,179,179,0,0,0,0,26,1,1,1,1,0,1,0,0,0,0,0,1,0,0,1,0,0,0,0,0x00000000,0,0,0,2102291383,0,0,0,0,1,0,0,0,1,2437,0,1,0,1,0,0,0,0,0,0,0,0,-58,1,0,0x05,0,0,5,0x00,0,1,0,0,0,0,0,00:1e:e5:9c:1d:1b,00:1e:e5:9c:1d:1b,38:22:9d:ae:c5:65,38:22:9d:ae:c5:65,38:22:9d:ae:c5:65,0,2169,?,?,?,?,?,?,1,1,0,0x0000,1,1,0,0,0,1,0,0,0,0,0,?,?,?,0x0000003e35815826,100,?,?,?,?,?,?,?,?,?,1,CYTA C565,6,?,?,?,?,?,1,2,2,1,2,0,0,0x0000,0x0000,0,0,0,?,?,?,?,?,?,?,?,?,?,?,?,?,?,?,?,?,normal
0,?,0.000000000,1393661303.339815000,0.001490000,0.001490000,0.694058000,179,179,0,0,0,0,26,1,1,1,1,0,1,0,0,0,0,0,1,0,0,1,0,0,0,0,0x00000000,0,0,0,2102292878,0,0,0,0,1,0,0,0,1,2437,0,1,0,1,0,0,0,0,0,0,0,0,-56,1,0,0x05,0,0,5,0x00,0,1,0,0,0,0,0,00:1e:e5:9c:1d:1b,00:1e:e5:9c:1d:1b,38:22:9d:ae:c5:65,38:22:9d:ae:c5:65,38:22:9d:ae:c5:65,0,2169,?,?,?,?,?,?,1,1,0,0x0000,1,1,0,0,0,1,0,0,0,0,0,?,?,?,0x0000003e35815dfc,100,?,?,?,?,?,?,?,?,?,1,CYTA C565,6,?,?,?,?,?,1,2,2,1,2,0,0,0x0000,0x0000,0,0,0,?,?,?,?,?,?,?,?,?,?,?,?,?,?,?,?,?,normal
0,?,0.000000000,1393661303.341313000,0.001498000,0.001498000,0.695556000,179,179,0,0,0,0,26,1,1,1,1,0,1,0,0,0,0,0,1,0,0,1,0,0,0,0,0x00000000,0,0,0,2102294379,0,0,0,0,1,0,0,0,1,2437,0,1,0,1,0,0,0,0,0,0,0,0,-58,1,0,0x05,0,0,5,0x00,0,1,0,0,0,0,0,00:1e:e5:9c:1d:1b,00:1e:e5:9c:1d:1b,38:22:9d:ae:c5:65,38:22:9d:ae:c5:65,38:22:9d:ae:c5:65,0,2169,?,?,?,?,?,?,1,1,0,0x0000,1,1,0,0,0,1,0,0,0,0,0,?,?,?,0x0000003e358163da,100,?,?,?,?,?,?,?,?,?,1,CYTA C565,6,?,?,?,?,?,1,2,2,1,2,0,0,0x0000,0x0000,0,0,0,?,?,?,?,?,?,?,?,?,?,?,?,?,?,?,?,?,normal
0,?,0.000000000,1393661303.342607000,0.001294000,0.001294000,0.696850000,159,159,0,0,0,0,26,1,1,1,1,0,1,0,0,0,0,0,1,0,0,1,0,0,0,0,0x00000000,0,0,0,2102295828,0,0,0,0,1,0,0,0,1,2437,0,1,0,1,0,0,0,0,0,0,0,0,-32,1,0,0x08,0,0,8,0x00,0,0,0,0,0,0,0,ff:ff:ff:ff:ff:ff,ff:ff:ff:ff:ff:ff,00:13:33:87:62:6d,00:13:33:87:62:6d,00:13:33:87:62:6d,0,3692,?,?,?,?,?,?,1,1,0,0x0000,1,0,0,0,0,1,0,0,0,0,0,?,?,?,0x00000044a18fd677,100,?,?,?,?,?,?,?,?,?,1,OTE29224e,6,0,1,0,0x00,?,1,2,2,1,2,0,0,0x0000,0x0000,0,0,0,?,?,?,?,?,?,?,?,?,?,?,?,?,?,?,?,?,normal
0,?,0.000000000,1393661303.358645000,0.016038000,0.016038000,0.712888000,261,261,0,0,0,0,26,1,1,1,1,0,1,0,0,0,0,0,1,0,0,1,0,0,0,0,0x00000000,0,0,0,2102311049,0,0,0,0,1,0,0,0,1,2437,0,1,0,1,0,0,0,0,0,0,0,0,-46,1,0,0x08,0,0,8,0x00,0,0,0,0,0,0,0,ff:ff:ff:ff:ff:ff,ff:ff:ff:ff:ff:ff,b0:48:7a:e2:62:23,b0:48:7a:e2:62:23,b0:48:7a:e2:62:23,0,2858,?,?,?,?,?,?,1,1,0,0x0000,0,1,0,0,0,1,0,0,0,0,0,?,?,?,0x000000001153ee11,100,?,?,?,?,?,?,?,?,?,1,pnet,6,0,1,0,0x00,?,?,?,?,?,?,?,?,?,?,?,?,?,?,?,?,?,?,?,?,?,?,?,?,?,?,?,?,?,?,normal
0,?,0.000000000,1393661303.361383000,0.002738000,0.002738000,0.715626000,1524,1524,0,0,0,0,26,1,1,1,1,0,1,0,0,0,0,0,1,0,0,1,0,0,0,0,0x00000000,0,0,0,2102315464,0,0,0,0,1,0,0,0,54,2437,0,0,1,1,0,0,0,0,0,0,0,0,-23,1,0,0x28,0,2,8,0x02,0,0,0,0,1,0,44,c0:18:85:94:b6:55,c0:18:85:94:b6:55,28:c6:8e:86:d3:d6,00:13:33:87:62:6d,28:c6:8e:86:d3:d6,0,101,?,?,?,?,?,?,1,?,?,?,?,?,?,?,?,?,?,?,?,?,?,?,?,?,?,?,?,?,?,?,?,?,?,?,?,?,?,?,?,?,?,?,?,?,?,?,?,?,?,?,?,?,?,?,?,?,?,0x158dc1,0,0x09aeb6fd,?,?,1,1,0,0x0000,0,?,?,?,0,1460,normal
0,?,0.000000000,1393661303.386864000,0.025481000,0.025481000,0.741107000,185,185,0,0,0,0,26,1,1,1,1,0,1,0,0,0,0,0,1,0,0,1,0,0,0,0,0x00000000,0,0,0,2102339873,0,0,0,0,1,0,0,0,1,2437,0,1,0,1,0,0,0,0,0,0,0,0,-56,1,0,0x08,0,0,8,0x00,0,0,0,0,0,0,0,ff:ff:ff:ff:ff:ff,ff:ff:ff:ff:ff:ff,38:22:9d:ae:c5:65,38:22:9d:ae:c5:65,38:22:9d:ae:c5:65,0,2170,?,?,?,?,?,?,1,1,0,0x0000,1,1,0,0,0,1,0,0,0,0,0,?,?,?,0x0000003e35834184,100,?,?,?,?,?,?,?,?,?,1,CYTA C565,6,0,1,0,0x00,?,1,2,2,1,2,0,0,0x0000,0x0000,0,0,0,?,?,?,?,?,?,?,?,?,?,?,?,?,?,?,?,?,normal
0,?,0.000000000,1393661303.388660000,0.001796000,0.001796000,0.742903000,185,185,0,0,0,0,26,1,1,1,1,0,1,0,0,0,0,0,1,0,0,1,0,0,0,0,0x00000000,0,0,0,2102341658,0,0,0,0,1,0,0,0,1,2437,0,1,0,1,0,0,0,0,0,0,0,0,-61,1,0,0x08,0,0,8,0x00,0,0,0,0,0,0,0,ff:ff:ff:ff:ff:ff,ff:ff:ff:ff:ff:ff,38:22:9d:c4:8d:28,38:22:9d:c4:8d:28,38:22:9d:c4:8d:28,0,298,?,?,?,?,?,?,1,1,0,0x0000,1,1,0,0,0,1,0,0,0,0,0,?,?,?,0x000000d9e9555184,100,?,?,?,?,?,?,?,?,?,1,CYTA 8D28,6,0,1,0,0x00,?,1,2,2,1,2,0,0,0x0000,0x0000,0,0,0,?,?,?,?,?,?,?,?,?,?,?,?,?,?,?,?,?,normal
0,?,0.000000000,1393661303.401014000,0.012354000,0.012354000,0.755257000,148,148,0,0,0,0,26,1,1,1,1,0,1,0,0,0,0,0,1,0,0,1,0,0,0,0,0x00000000,0,0,0,2102354321,0,0,0,0,1,0,0,0,1,2437,0,1,0,1,0,0,0,0,0,0,0,0,-27,1,0,0x08,0,0,8,0x00,0,0,0,0,0,0,0,ff:ff:ff:ff:ff:ff,ff:ff:ff:ff:ff:ff,28:c6:8e:86:d3:d6,28:c6:8e:86:d3:d6,28:c6:8e:86:d3:d6,0,1050,?,?,?,?,?,?,1,1,0,0x0000,1,0,0,0,0,1,0,0,0,0,0,?,?,?,0x0000003e38219194,100,?,?,?,?,?,?,?,?,?,1,AegeanSecLab,6,1,2,0,0x00,?,?,?,?,?,?,?,?,?,?,?,?,?,?,?,?,?,?,?,?,?,?,?,?,?,?,?,?,?,?,normal
0,?,0.000000000,1393661303.443796000,0.042782000,0.042782000,0.798039000,159,159,0,0,0,0,26,1,1,1,1,0,1,0,0,0,0,0,1,0,0,1,0,0,0,0,0x00000000,0,0,0,2102397018,0,0,0,0,1,0,0,0,1,2437,0,1,0,1,0,0,0,0,0,0,0,0,-32,1,0,0x08,0,0,8,0x00,0,0,0,0,0,0,0,ff:ff:ff:ff:ff:ff,ff:ff:ff:ff:ff:ff,00:13:33:87:62:6d,00:13:33:87:62:6d,00:13:33:87:62:6d,0,3693,?,?,?,?,?,?,1,1,0,0x0000,1,0,0,0,0,1,0,0,0,0,0,?,?,?,0x00000044a19161bc,100,?,?,?,?,?,?,?,?,?,1,OTE29224e,6,0,1,0,0x00,?,1,2,2,1,2,0,0,0x0000,0x0000,0,0,0,?,?,?,?,?,?,?,?,?,?,?,?,?,?,?,?,?,normal
0,?,0.000000000,1393661303.469094000,0.025298000,0.025298000,0.823337000,261,261,0,0,0,0,26,1,1,1,1,0,1,0,0,0,0,0,1,0,0,1,0,0,0,0,0x00000000,0,0,0,2102421495,0,0,0,0,1,0,0,0,1,2437,0,1,0,1,0,0,0,0,0,0,0,0,-46,1,0,0x08,0,0,8,0x00,0,0,0,0,0,0,0,ff:ff:ff:ff:ff:ff,ff:ff:ff:ff:ff:ff,b0:48:7a:e2:62:23,b0:48:7a:e2:62:23,b0:48:7a:e2:62:23,0,2859,?,?,?,?,?,?,1,1,0,0x0000,0,1,0,0,0,1,0,0,0,0,0,?,?,?,0x0000000011559d80,100,?,?,?,?,?,?,?,?,?,1,pnet,6,0,1,0,0x00,?,?,?,?,?,?,?,?,?,?,?,?,?,?,?,?,?,?,?,?,?,?,?,?,?,?,?,?,?,?,normal
0,?,0.000000000,1393661303.489289000,0.020195000,0.020195000,0.843532000,185,185,0,0,0,0,26,1,1,1,1,0,1,0,0,0,0,0,1,0,0,1,0,0,0,0,0x00000000,0,0,0,2102442296,0,0,0,0,1,0,0,0,1,2437,0,1,0,1,0,0,0,0,0,0,0,0,-61,1,0,0x08,0,0,8,0x00,0,0,0,0,0,0,0,ff:ff:ff:ff:ff:ff,ff:ff:ff:ff:ff:ff,38:22:9d:ae:c5:65,38:22:9d:ae:c5:65,38:22:9d:ae:c5:65,0,2171,?,?,?,?,?,?,1,1,0,0x0000,1,1,0,0,0,1,0,0,0,0,0,?,?,?,0x0000003e3584d182,100,?,?,?,?,?,?,?,?,?,1,CYTA C565,6,0,1,0,0x00,?,1,2,2,1,2,0,0,0x0000,0x0000,0,0,0,?,?,?,?,?,?,?,?,?,?,?,?,?,?,?,?,?,normal
0,?,0.000000000,1393661303.491195000,0.001906000,0.001906000,0.845438000,185,185,0,0,0,0,26,1,1,1,1,0,1,0,0,0,0,0,1,0,0,1,0,0,0,0,0x00000000,0,0,0,2102444205,0,0,0,0,1,0,0,0,1,2437,0,1,0,1,0,0,0,0,0,0,0,0,-63,1,0,0x08,0,0,8,0x00,0,0,0,0,0,0,0,ff:ff:ff:ff:ff:ff,ff:ff:ff:ff:ff:ff,38:22:9d:c4:8d:28,38:22:9d:c4:8d:28,38:22:9d:c4:8d:28,0,299,?,?,?,?,?,?,1,1,0,0x0000,1,1,0,0,0,1,0,0,0,0,0,?,?,?,0x000000d9e956e200,100,?,?,?,?,?,?,?,?,?,1,CYTA 8D28,6,0,1,0,0x00,?,1,2,2,1,2,0,0,0x0000,0x0000,0,0,0,?,?,?,?,?,?,?,?,?,?,?,?,?,?,?,?,?,normal
0,?,0.000000000,1393661303.492790000,0.001595000,0.001595000,0.847033000,40,40,0,0,0,0,26,1,1,1,1,0,1,0,0,0,0,0,1,0,0,1,0,0,0,0,0x00000000,0,0,0,2102447049,0,0,0,0,1,0,0,0,2,2437,0,1,0,1,0,0,0,0,0,0,0,0,-27,1,0,0x1d,0,1,13,0x00,0,0,0,0,0,0,0,c0:18:85:94:b6:55,?,?,?,?,?,?,?,?,?,?,?,?,1,?,?,?,?,?,?,?,?,?,?,?,?,?,?,?,?,?,?,?,?,?,?,?,?,?,?,?,?,?,?,?,?,?,?,?,?,?,?,?,?,?,?,?,?,?,?,?,?,?,?,?,?,?,?,?,?,?,?,?,?,?,?,?,?,?,normal
0,?,0.000000000,1393661303.503410000,0.010620000,0.010620000,0.857653000,148,148,0,0,0,0,26,1,1,1,1,0,1,0,0,0,0,0,1,0,0,1,0,0,0,0,0x00000000,0,0,0,2102456716,0,0,0,0,1,0,0,0,1,2437,0,1,0,1,0,0,0,0,0,0,0,0,-30,1,0,0x08,0,0,8,0x00,0,0,0,0,0,0,0,ff:ff:ff:ff:ff:ff,ff:ff:ff:ff:ff:ff,28:c6:8e:86:d3:d6,28:c6:8e:86:d3:d6,28:c6:8e:86:d3:d6,0,1051,?,?,?,?,?,?,1,1,0,0x0000,1,0,0,0,0,1,0,0,0,0,0,?,?,?,0x0000003e38232190,100,?,?,?,?,?,?,?,?,?,1,AegeanSecLab,6,0,2,0,0x00,?,?,?,?,?,?,?,?,?,?,?,?,?,?,?,?,?,?,?,?,?,?,?,?,?,?,?,?,?,?,normal
0,?,0.000000000,1393661303.546196000,0.042786000,0.042786000,0.900439000,159,159,0,0,0,0,26,1,1,1,1,0,1,0,0,0,0,0,1,0,0,1,0,0,0,0,0x00000000,0,0,0,2102499418,0,0,0,0,1,0,0,0,1,2437,0,1,0,1,0,0,0,0,0,0,0,0,-30,1,0,0x08,0,0,8,0x00,0,0,0,0,0,0,0,ff:ff:ff:ff:ff:ff,ff:ff:ff:ff:ff:ff,00:13:33:87:62:6d,00:13:33:87:62:6d,00:13:33:87:62:6d,0,3694,?,?,?,?,?,?,1,1,0,0x0000,1,0,0,0,0,1,0,0,0,0,0,?,?,?,0x00000044a192f1bc,100,?,?,?,?,?,?,?,?,?,1,OTE29224e,6,0,1,0,0x00,?,1,2,2,1,2,0,0,0x0000,0x0000,0,0,0,?,?,?,?,?,?,?,?,?,?,?,?,?,?,?,?,?,normal
0,?,0.000000000,1393661303.567395000,0.021199000,0.021199000,0.921638000,261,261,0,0,0,0,26,1,1,1,1,0,1,0,0,0,0,0,1,0,0,1,0,0,0,0,0x00000000,0,0,0,2102519799,0,0,0,0,1,0,0,0,1,2437,0,1,0,1,0,0,0,0,0,0,0,0,-46,1,0,0x08,0,0,8,0x00,0,0,0,0,0,0,0,ff:ff:ff:ff:ff:ff,ff:ff:ff:ff:ff:ff,b0:48:7a:e2:62:23,b0:48:7a:e2:62:23,b0:48:7a:e2:62:23,0,2860,?,?,?,?,?,?,1,1,0,0x0000,0,1,0,0,0,1,0,0,0,0,0,?,?,?,0x0000000011571d80,100,?,?,?,?,?,?,?,?,?,1,pnet,6,0,1,0,0x00,?,?,?,?,?,?,?,?,?,?,?,?,?,?,?,?,?,?,?,?,?,?,?,?,?,?,?,?,?,?,normal
0,?,0.000000000,1393661303.568152000,0.000757000,0.000757000,0.922395000,1524,1524,0,0,0,0,26,1,1,1,1,0,1,0,0,0,0,0,1,0,0,1,0,0,0,0,0x00000000,0,0,0,2102522225,0,0,0,0,1,0,0,0,54,2437,0,0,1,1,0,0,0,0,0,0,0,0,-23,1,0,0x28,0,2,8,0x02,0,0,0,0,1,0,44,c0:18:85:94:b6:55,c0:18:85:94:b6:55,28:c6:8e:86:d3:d6,00:13:33:87:62:6d,28:c6:8e:86:d3:d6,0,102,?,?,?,?,?,?,1,?,?,?,?,?,?,?,?,?,?,?,?,?,?,?,?,?,?,?,?,?,?,?,?,?,?,?,?,?,?,?,?,?,?,?,?,?,?,?,?,?,?,?,?,?,?,?,?,?,?,0x168dc1,0,0x865214c4,?,?,1,1,0,0x0000,0,?,?,?,0,1460,normal
0,?,0.000000000,1393661303.568835000,0.000683000,0.000683000,0.923078000,124,124,0,0,0,0,26,1,1,1,1,0,1,0,0,0,0,0,1,0,0,1,0,0,0,0,0x00000000,0,0,0,2102523148,0,0,0,0,1,0,0,0,54,2437,0,0,1,1,0,0,0,0,0,0,0,0,-18,1,0,0x28,0,2,8,0x01,0,0,0,0,1,0,44,28:c6:8e:86:d3:d6,00:13:33:87:62:6d,c0:18:85:94:b6:55,c0:18:85:94:b6:55,28:c6:8e:86:d3:d6,0,1223,?,?,?,?,?,?,1,?,?,?,?,?,?,?,?,?,?,?,?,?,?,?,?,?,?,?,?,?,?,?,?,?,?,?,?,?,?,?,?,?,?,?,?,?,?,?,?,?,?,?,?,?,?,?,?,?,?,0x701db8,0,0x2ab6ebb8,?,?,0,0,?,0x0000,0,?,0,0,?,60,normal
0,?,0.000000000,1393661303.591710000,0.022875000,0.022875000,0.945953000,185,185,0,0,0,0,26,1,1,1,1,0,1,0,0,0,0,0,1,0,0,1,0,0,0,0,0x00000000,0,0,0,2102544722,0,0,0,0,1,0,0,0,1,2437,0,1,0,1,0,0,0,0,0,0,0,0,-54,1,0,0x08,0,0,8,0x00,0,0,0,0,0,0,0,ff:ff:ff:ff:ff:ff,ff:ff:ff:ff:ff:ff,38:22:9d:ae:c5:65,38:22:9d:ae:c5:65,38:22:9d:ae:c5:65,0,2172,?,?,?,?,?,?,1,1,0,0x0000,1,1,0,0,0,1,0,0,0,0,0,?,?,?,0x0000003e35866182,100,?,?,?,?,?,?,?,?,?,1,CYTA C565,6,0,1,0,0x00,?,1,2,2,1,2,0,0,0x0000,0x0000,0,0,0,?,?,?,?,?,?,?,?,?,?,?,?,?,?,?,?,?,normal
0,?,0.000000000,1393661303.593498000,0.001788000,0.001788000,0.947741000,185,185,0,0,0,0,26,1,1,1,1,0,1,0,0,0,0,0,1,0,0,1,0,0,0,0,0x00000000,0,0,0,2102546505,0,0,0,0,1,0,0,0,1,2437,0,1,0,1,0,0,0,0,0,0,0,0,-63,1,0,0x08,0,0,8,0x00,0,0,0,0,0,0,0,ff:ff:ff:ff:ff:ff,ff:ff:ff:ff:ff:ff,38:22:9d:c4:8d:28,38:22:9d:c4:8d:28,38:22:9d:c4:8d:28,0,300,?,?,?,?,?,?,1,1,0,0x0000,1,1,0,0,0,1,0,0,0,0,0,?,?,?,0x000000d9e9587182,100,?,?,?,?,?,?,?,?,?,1,CYTA 8D28,6,0,1,0,0x00,?,1,2,2,1,2,0,0,0x0000,0x0000,0,0,0,?,?,?,?,?,?,?,?,?,?,?,?,?,?,?,?,?,normal
0,?,0.000000000,1393661303.605798000,0.012300000,0.012300000,0.960041000,148,148,0,0,0,0,26,1,1,1,1,0,1,0,0,0,0,0,1,0,0,1,0,0,0,0,0x00000000,0,0,0,2102559104,0,0,0,0,1,0,0,0,1,2437,0,1,0,1,0,0,0,0,0,0,0,0,-27,1,0,0x08,0,0,8,0x00,0,0,0,0,0,0,0,ff:ff:ff:ff:ff:ff,ff:ff:ff:ff:ff:ff,28:c6:8e:86:d3:d6,28:c6:8e:86:d3:d6,28:c6:8e:86:d3:d6,0,1052,?,?,?,?,?,?,1,1,0,0x0000,1,0,0,0,0,1,0,0,0,0,0,?,?,?,0x0000003e3824b184,100,?,?,?,?,?,?,?,?,?,1,AegeanSecLab,6,1,2,0,0x00,?,?,?,?,?,?,?,?,?,?,?,?,?,?,?,?,?,?,?,?,?,?,?,?,?,?,?,?,?,?,normal
0,?,0.000000000,1393661303.614569000,0.008771000,0.008771000,0.968812000,75,75,0,0,0,0,26,1,1,1,1,0,1,0,0,0,0,0,1,0,0,1,0,0,0,0,0x00000000,0,0,0,2102568458,0,0,0,0,1,0,0,0,1,2437,0,1,0,1,0,0,0,0,0,0,0,0,-24,1,0,0x04,0,0,4,0x00,0,0,0,0,0,0,0,ff:ff:ff:ff:ff:ff,ff:ff:ff:ff:ff:ff,00:1e:e5:9c:1d:1b,00:1e:e5:9c:1d:1b,ff:ff:ff:ff:ff:ff,0,959,?,?,?,?,?,?,1,?,?,?,?,?,?,?,?,?,?,?,?,?,?,?,?,?,?,?,?,?,?,?,?,?,?,?,?,1,?,8,?,?,?,?,?,?,?,?,?,?,?,?,?,?,?,?,?,?,?,?,?,?,?,?,?,?,?,?,?,?,?,?,?,?,normal
0,?,0.000000000,1393661303.648618000,0.034049000,0.034049000,1.002861000,159,159,0,0,0,0,26,1,1,1,1,0,1,0,0,0,0,0,1,0,0,1,0,0,0,0,0x00000000,0,0,0,2102601818,0,0,0,0,1,0,0,0,1,2437,0,1,0,1,0,0,0,0,0,0,0,0,-33,1,0,0x08,0,0,8,0x00,0,0,0,0,0,0,0,ff:ff:ff:ff:ff:ff,ff:ff:ff:ff:ff:ff,00:13:33:87:62:6d,00:13:33:87:62:6d,00:13:33:87:62:6d,0,3695,?,?,?,?,?,?,1,1,0,0x0000,1,0,0,0,0,1,0,0,0,0,0,?,?,?,0x00000044a19481bc,100,?,?,?,?,?,?,?,?,?,1,OTE29224e,6,0,1,0,0x00,?,1,2,2,1,2,0,0,0x0000,0x0000,0,0,0,?,?,?,?,?,?,?,?,?,?,?,?,?,?,?,?,?,normal
0,?,0.000000000,1393661303.665750000,0.017132000,0.017132000,1.019993000,261,261,0,0,0,0,26,1,1,1,1,0,1,0,0,0,0,0,1,0,0,1,0,0,0,0,0x00000000,0,0,0,2102618103,0,0,0,0,1,0,0,0,1,2437,0,1,0,1,0,0,0,0,0,0,0,0,-47,1,0,0x08,0,0,8,0x00,0,0,0,0,0,0,0,ff:ff:ff:ff:ff:ff,ff:ff:ff:ff:ff:ff,b0:48:7a:e2:62:23,b0:48:7a:e2:62:23,b0:48:7a:e2:62:23,0,2861,?,?,?,?,?,?,1,1,0,0x0000,0,1,0,0,0,1,0,0,0,0,0,?,?,?,0x0000000011589d80,100,?,?,?,?,?,?,?,?,?,1,pnet,6,0,1,0,0x00,?,?,?,?,?,?,?,?,?,?,?,?,?,?,?,?,?,?,?,?,?,?,?,?,?,?,?,?,?,?,normal
0,?,0.000000000,1393661303.692484000,0.026734000,0.026734000,1.046727000,54,54,0,0,0,0,26,1,1,1,1,0,1,0,0,0,0,0,1,0,0,1,0,0,0,0,0x00000000,0,0,0,2102646789,0,0,0,0,1,0,0,0,54,2437,0,0,1,1,0,0,0,0,0,0,0,0,-17,1,0,0x24,0,2,4,0x01,0,0,1,0,0,0,44,28:c6:8e:86:d3:d6,28:c6:8e:86:d3:d6,c0:18:85:94:b6:55,c0:18:85:94:b6:55,28:c6:8e:86:d3:d6,0,3712,?,?,?,?,?,?,1,?,?,?,?,?,?,?,?,?,?,?,?,?,?,?,?,?,?,?,?,?,?,?,?,?,?,?,?,?,?,?,?,?,?,?,?,?,?,?,?,?,?,?,?,?,?,?,?,?,?,?,?,?,?,?,?,?,?,?,?,?,?,?,?,?,normal
